Quarter,State,Total_Crashes,Num_Injured,Num_Killed,Total_Vehicles_Involved,SPV,DAD,PWR,FTQ,Other_Factors,Year,Quarter_num,fatality_rate,injury_rate,year,period
Q4 2020,Abia,30,146,31,37.0,19.0,0.0,0.0,0.0,18.0,2020.0,4.0,1.033,4.867,,
Q4 2020,Adamawa,77,234,36,94.0,57.0,0.0,0.0,0.0,37.0,2020.0,4.0,0.468,3.039,,
Q4 2020,Akwa Ibom,22,28,7,24.0,15.0,0.0,0.0,1.0,8.0,2020.0,4.0,0.318,1.273,,
Q4 2020,Anambra,72,152,20,83.0,43.0,1.0,0.0,0.0,39.0,2020.0,4.0,0.278,2.111,,
Q4 2020,Bauchi,154,685,90,140.0,74.0,0.0,0.0,0.0,66.0,2020.0,4.0,0.584,4.448,,
Q4 2020,Bayelsa,1,3,0,1.0,1.0,0.0,0.0,0.0,0.0,2020.0,4.0,0.0,3.0,,
Q4 2020,Benue,77,177,25,81.0,81.0,0.0,0.0,0.0,0.0,2020.0,4.0,0.325,2.299,,
Q4 2020,Borno,25,67,16,18.0,11.0,0.0,0.0,0.0,7.0,2020.0,4.0,0.64,2.68,,
Q4 2020,Cross River,33,65,11,39.0,23.0,0.0,0.0,0.0,16.0,2020.0,4.0,0.333,1.97,,
Q4 2020,Delta,67,182,36,111.0,70.0,0.0,0.0,0.0,41.0,2020.0,4.0,0.537,2.716,,
Q4 2020,Ebonyi,27,82,11,29.0,9.0,0.0,0.0,0.0,20.0,2020.0,4.0,0.407,3.037,,
Q4 2020,Edo,55,118,32,102.0,77.0,0.0,0.0,0.0,25.0,2020.0,4.0,0.582,2.145,,
Q4 2020,Ekiti,30,71,9,46.0,23.0,1.0,0.0,0.0,22.0,2020.0,4.0,0.3,2.367,,
Q4 2020,Enugu,44,116,30,48.0,10.0,0.0,0.0,0.0,38.0,2020.0,4.0,0.682,2.636,,
Q4 2020,Fct,312,572,90,480.0,284.0,1.0,0.0,2.0,193.0,2020.0,4.0,0.288,1.833,,
Q4 2020,Gombe,70,231,26,84.0,59.0,0.0,0.0,0.0,25.0,2020.0,4.0,0.371,3.3,,
Q4 2020,Imo,31,91,15,24.0,11.0,0.0,0.0,0.0,13.0,2020.0,4.0,0.484,2.935,,
Q4 2020,Jigawa,92,318,64,177.0,118.0,0.0,0.0,0.0,59.0,2020.0,4.0,0.696,3.457,,
Q4 2020,Kaduna,281,1010,224,363.0,194.0,0.0,0.0,0.0,169.0,2020.0,4.0,0.797,3.594,,
Q4 2020,Kano,102,499,194,130.0,90.0,0.0,0.0,2.0,38.0,2020.0,4.0,1.902,4.892,,
Q4 2020,Katsina,77,277,39,107.0,80.0,0.0,0.0,0.0,27.0,2020.0,4.0,0.506,3.597,,
Q4 2020,Kebbi,58,222,56,64.0,45.0,0.0,0.0,0.0,19.0,2020.0,4.0,0.966,3.828,,
Q4 2020,Kogi,122,335,55,178.0,91.0,1.0,0.0,1.0,85.0,2020.0,4.0,0.451,2.746,,
Q4 2020,Kwara,102,313,60,163.0,105.0,0.0,0.0,0.0,58.0,2020.0,4.0,0.588,3.069,,
Q4 2020,Lagos,113,181,21,114.0,46.0,1.0,0.0,3.0,64.0,2020.0,4.0,0.186,1.602,,
Q4 2020,Nasarawa,200,513,65,271.0,114.0,0.0,0.0,0.0,157.0,2020.0,4.0,0.325,2.565,,
Q4 2020,Niger,110,347,91,126.0,102.0,0.0,0.0,0.0,24.0,2020.0,4.0,0.827,3.155,,
Q4 2020,Ogun,279,548,83,377.0,254.0,0.0,0.0,0.0,123.0,2020.0,4.0,0.297,1.964,,
Q4 2020,Ondo,114,320,84,155.0,107.0,0.0,0.0,1.0,47.0,2020.0,4.0,0.737,2.807,,
Q4 2020,Osun,109,292,52,143.0,93.0,0.0,0.0,0.0,50.0,2020.0,4.0,0.477,2.679,,
Q4 2020,Oyo,155,385,68,209.0,128.0,0.0,0.0,4.0,77.0,2020.0,4.0,0.439,2.484,,
Q4 2020,Plateau,45,123,17,48.0,18.0,2.0,0.0,0.0,28.0,2020.0,4.0,0.378,2.733,,
Q4 2020,Rivers,25,77,6,29.0,19.0,0.0,0.0,0.0,10.0,2020.0,4.0,0.24,3.08,,
Q4 2020,Sokoto,32,138,47,60.0,49.0,0.0,0.0,0.0,11.0,2020.0,4.0,1.469,4.312,,
Q4 2020,Taraba,59,149,7,92.0,57.0,0.0,0.0,0.0,35.0,2020.0,4.0,0.119,2.525,,
Q4 2020,Yobe,56,383,60,53.0,28.0,0.0,0.0,0.0,25.0,2020.0,4.0,1.071,6.839,,
Q4 2020,Zamfara,55,252,40,72.0,40.0,0.0,0.0,0.0,32.0,2020.0,4.0,0.727,4.582,,
Q1 2021,Abia,44,119,35,36.0,7.0,0.0,0.0,0.0,29.0,2021.0,1.0,0.795,2.705,,
Q1 2021,Adamawa,84,251,21,110.0,60.0,0.0,0.0,0.0,50.0,2021.0,1.0,0.25,2.988,,
Q1 2021,Akwa Ibom,22,35,12,24.0,15.0,0.0,0.0,0.0,9.0,2021.0,1.0,0.545,1.591,,
Q1 2021,Anambra,80,147,9,109.0,59.0,0.0,0.0,0.0,50.0,2021.0,1.0,0.112,1.838,,
Q1 2021,Bauchi,131,634,115,153.0,77.0,0.0,0.0,0.0,76.0,2021.0,1.0,0.878,4.84,,
Q1 2021,Bayelsa,7,15,0,9.0,7.0,0.0,1.0,0.0,1.0,2021.0,1.0,0.0,2.143,,
Q1 2021,Benue,52,123,15,54.0,46.0,0.0,0.0,0.0,8.0,2021.0,1.0,0.288,2.365,,
Q1 2021,Borno,31,78,24,46.0,31.0,0.0,0.0,0.0,15.0,2021.0,1.0,0.774,2.516,,
Q1 2021,Cross River,25,50,30,31.0,17.0,0.0,0.0,0.0,14.0,2021.0,1.0,1.2,2.0,,
Q1 2021,Delta,71,196,51,108.0,68.0,0.0,0.0,0.0,40.0,2021.0,1.0,0.718,2.761,,
Q1 2021,Ebonyi,31,121,27,32.0,13.0,0.0,0.0,0.0,19.0,2021.0,1.0,0.871,3.903,,
Q1 2021,Edo,56,140,51,89.0,68.0,0.0,0.0,0.0,21.0,2021.0,1.0,0.911,2.5,,
Q1 2021,Ekiti,31,101,13,41.0,29.0,1.0,0.0,0.0,11.0,2021.0,1.0,0.419,3.258,,
Q1 2021,Enugu,66,222,37,75.0,3.0,0.0,0.0,0.0,72.0,2021.0,1.0,0.561,3.364,,
Q1 2021,Fct,278,518,56,400.0,158.0,1.0,0.0,0.0,241.0,2021.0,1.0,0.201,1.863,,
Q1 2021,Gombe,72,232,31,82.0,33.0,0.0,0.0,0.0,49.0,2021.0,1.0,0.431,3.222,,
Q1 2021,Imo,16,71,17,16.0,5.0,0.0,0.0,0.0,11.0,2021.0,1.0,1.062,4.438,,
Q1 2021,Jigawa,67,264,35,132.0,82.0,0.0,0.0,1.0,49.0,2021.0,1.0,0.522,3.94,,
Q1 2021,Kaduna,256,1149,196,368.0,211.0,0.0,0.0,7.0,150.0,2021.0,1.0,0.766,4.488,,
Q1 2021,Kano,137,604,100,184.0,110.0,0.0,0.0,3.0,71.0,2021.0,1.0,0.73,4.409,,
Q1 2021,Katsina,71,287,29,93.0,74.0,0.0,0.0,0.0,19.0,2021.0,1.0,0.408,4.042,,
Q1 2021,Kebbi,44,139,21,47.0,38.0,0.0,0.0,0.0,9.0,2021.0,1.0,0.477,3.159,,
Q1 2021,Kogi,143,425,94,216.0,105.0,1.0,0.0,0.0,110.0,2021.0,1.0,0.657,2.972,,
Q1 2021,Kwara,100,369,69,163.0,91.0,0.0,0.0,0.0,72.0,2021.0,1.0,0.69,3.69,,
Q1 2021,Lagos,151,243,26,152.0,85.0,0.0,0.0,2.0,65.0,2021.0,1.0,0.172,1.609,,
Q1 2021,Nasarawa,176,452,77,218.0,75.0,1.0,0.0,1.0,141.0,2021.0,1.0,0.438,2.568,,
Q1 2021,Niger,108,492,93,171.0,128.0,0.0,0.0,2.0,41.0,2021.0,1.0,0.861,4.556,,
Q1 2021,Ogun,299,670,82,407.0,270.0,0.0,0.0,0.0,137.0,2021.0,1.0,0.274,2.241,,
Q1 2021,Ondo,115,290,43,152.0,96.0,0.0,0.0,2.0,54.0,2021.0,1.0,0.374,2.522,,
Q1 2021,Osun,105,317,43,132.0,78.0,0.0,0.0,3.0,51.0,2021.0,1.0,0.41,3.019,,
Q1 2021,Oyo,176,399,103,222.0,129.0,0.0,2.0,1.0,90.0,2021.0,1.0,0.585,2.267,,
Q1 2021,Plateau,48,130,15,51.0,15.0,0.0,0.0,0.0,36.0,2021.0,1.0,0.312,2.708,,
Q1 2021,Rivers,21,54,4,22.0,12.0,0.0,0.0,0.0,10.0,2021.0,1.0,0.19,2.571,,
Q1 2021,Sokoto,37,119,33,57.0,46.0,0.0,0.0,0.0,11.0,2021.0,1.0,0.892,3.216,,
Q1 2021,Taraba,67,213,12,104.0,31.0,0.0,0.0,0.0,73.0,2021.0,1.0,0.179,3.179,,
Q1 2021,Yobe,42,235,35,51.0,28.0,0.0,0.0,0.0,23.0,2021.0,1.0,0.833,5.595,,
Q1 2021,Zamfara,41,153,14,47.0,29.0,0.0,0.0,0.0,18.0,2021.0,1.0,0.341,3.732,,
Q2 2021,Abia,21,69,19,32.0,20.0,0.0,0.0,0.0,12.0,2021.0,2.0,0.905,3.286,,
Q2 2021,Adamawa,90,280,21,107.0,70.0,0.0,0.0,0.0,37.0,2021.0,2.0,0.233,3.111,,
Q2 2021,Akwa Ibom,16,32,10,17.0,10.0,0.0,0.0,0.0,7.0,2021.0,2.0,0.625,2.0,,
Q2 2021,Anambra,66,138,18,100.0,37.0,0.0,0.0,0.0,63.0,2021.0,2.0,0.273,2.091,,
Q2 2021,Bauchi,105,418,46,112.0,55.0,0.0,0.0,0.0,57.0,2021.0,2.0,0.438,3.981,,
Q2 2021,Bayelsa,10,19,3,10.0,5.0,0.0,0.0,0.0,5.0,2021.0,2.0,0.3,1.9,,
Q2 2021,Benue,69,170,19,69.0,63.0,0.0,0.0,0.0,6.0,2021.0,2.0,0.275,2.464,,
Q2 2021,Borno,17,65,4,24.0,7.0,0.0,0.0,0.0,17.0,2021.0,2.0,0.235,3.824,,
Q2 2021,Cross River,29,74,5,34.0,17.0,0.0,0.0,0.0,17.0,2021.0,2.0,0.172,2.552,,
Q2 2021,Delta,41,136,16,72.0,46.0,0.0,0.0,0.0,26.0,2021.0,2.0,0.39,3.317,,
Q2 2021,Ebonyi,29,82,15,35.0,20.0,0.0,0.0,0.0,15.0,2021.0,2.0,0.517,2.828,,
Q2 2021,Edo,58,154,34,81.0,61.0,0.0,0.0,0.0,20.0,2021.0,2.0,0.586,2.655,,
Q2 2021,Ekiti,41,98,20,60.0,39.0,0.0,0.0,0.0,21.0,2021.0,2.0,0.488,2.39,,
Q2 2021,Enugu,66,157,22,78.0,8.0,0.0,0.0,0.0,70.0,2021.0,2.0,0.333,2.379,,
Q2 2021,Fct,252,483,37,356.0,135.0,2.0,0.0,0.0,219.0,2021.0,2.0,0.147,1.917,,
Q2 2021,Gombe,93,239,28,107.0,40.0,0.0,0.0,0.0,67.0,2021.0,2.0,0.301,2.57,,
Q2 2021,Imo,23,64,14,24.0,6.0,0.0,0.0,0.0,18.0,2021.0,2.0,0.609,2.783,,
Q2 2021,Jigawa,63,370,46,120.0,74.0,0.0,0.0,1.0,45.0,2021.0,2.0,0.73,5.873,,
Q2 2021,Kaduna,222,837,217,299.0,179.0,0.0,0.0,5.0,115.0,2021.0,2.0,0.977,3.77,,
Q2 2021,Kano,70,286,57,87.0,56.0,0.0,0.0,0.0,31.0,2021.0,2.0,0.814,4.086,,
Q2 2021,Katsina,39,148,40,58.0,40.0,0.0,0.0,0.0,18.0,2021.0,2.0,1.026,3.795,,
Q2 2021,Kebbi,53,130,4,55.0,41.0,1.0,0.0,0.0,13.0,2021.0,2.0,0.075,2.453,,
Q2 2021,Kogi,97,246,25,139.0,56.0,0.0,0.0,0.0,83.0,2021.0,2.0,0.258,2.536,,
Q2 2021,Kwara,108,368,80,144.0,64.0,2.0,0.0,0.0,78.0,2021.0,2.0,0.741,3.407,,
Q2 2021,Lagos,145,266,47,146.0,75.0,0.0,0.0,3.0,68.0,2021.0,2.0,0.324,1.834,,
Q2 2021,Nasarawa,242,600,53,286.0,107.0,2.0,0.0,0.0,177.0,2021.0,2.0,0.219,2.479,,
Q2 2021,Niger,148,516,103,194.0,114.0,0.0,0.0,18.0,62.0,2021.0,2.0,0.696,3.486,,
Q2 2021,Ogun,337,637,121,343.0,293.0,1.0,0.0,0.0,49.0,2021.0,2.0,0.359,1.89,,
Q2 2021,Ondo,114,299,47,148.0,90.0,2.0,0.0,1.0,55.0,2021.0,2.0,0.412,2.623,,
Q2 2021,Osun,87,250,52,112.0,61.0,0.0,0.0,3.0,48.0,2021.0,2.0,0.598,2.874,,
Q2 2021,Oyo,152,400,85,181.0,107.0,0.0,0.0,5.0,69.0,2021.0,2.0,0.559,2.632,,
Q2 2021,Plateau,99,283,23,104.0,31.0,0.0,0.0,0.0,73.0,2021.0,2.0,0.232,2.859,,
Q2 2021,Rivers,26,65,6,29.0,13.0,0.0,0.0,0.0,16.0,2021.0,2.0,0.231,2.5,,
Q2 2021,Sokoto,23,87,37,39.0,35.0,0.0,0.0,0.0,4.0,2021.0,2.0,1.609,3.783,,
Q2 2021,Taraba,56,171,12,77.0,28.0,0.0,0.0,0.0,49.0,2021.0,2.0,0.214,3.054,,
Q2 2021,Yobe,32,168,17,47.0,24.0,0.0,0.0,0.0,23.0,2021.0,2.0,0.531,5.25,,
Q2 2021,Zamfara,46,213,50,57.0,35.0,0.0,0.0,0.0,22.0,2021.0,2.0,1.087,4.63,,
Q3 2021,Abia,20,62,11,24.0,1.0,0.0,0.0,4.0,19.0,2021.0,3.0,0.55,3.1,,
Q3 2021,Adamawa,80,208,26,95.0,0.0,0.0,0.0,66.0,29.0,2021.0,3.0,0.325,2.6,,
Q3 2021,Akwa Ibom,13,18,1,15.0,0.0,0.0,0.0,11.0,4.0,2021.0,3.0,0.077,1.385,,
Q3 2021,Anambra,62,142,17,146.0,3.0,0.0,0.0,20.0,123.0,2021.0,3.0,0.274,2.29,,
Q3 2021,Bauchi,130,627,79,127.0,0.0,1.0,0.0,69.0,57.0,2021.0,3.0,0.608,4.823,,
Q3 2021,Bayelsa,19,23,8,22.0,0.0,0.0,1.0,16.0,5.0,2021.0,3.0,0.421,1.211,,
Q3 2021,Benue,53,159,18,53.0,1.0,0.0,0.0,37.0,15.0,2021.0,3.0,0.34,3.0,,
Q3 2021,Borno,17,110,3,16.0,0.0,0.0,0.0,9.0,7.0,2021.0,3.0,0.176,6.471,,
Q3 2021,Cross River,37,144,15,40.0,0.0,0.0,1.0,24.0,15.0,2021.0,3.0,0.405,3.892,,
Q3 2021,Delta,45,122,23,66.0,0.0,0.0,0.0,30.0,36.0,2021.0,3.0,0.511,2.711,,
Q3 2021,Ebonyi,34,100,18,35.0,0.0,0.0,0.0,19.0,16.0,2021.0,3.0,0.529,2.941,,
Q3 2021,Edo,66,158,33,98.0,0.0,0.0,0.0,68.0,30.0,2021.0,3.0,0.5,2.394,,
Q3 2021,Ekiti,44,127,10,60.0,1.0,0.0,0.0,30.0,29.0,2021.0,3.0,0.227,2.886,,
Q3 2021,Enugu,97,270,28,100.0,0.0,0.0,0.0,45.0,55.0,2021.0,3.0,0.289,2.784,,
Q3 2021,Fct,307,562,57,436.0,0.0,0.0,2.0,260.0,174.0,2021.0,3.0,0.186,1.831,,
Q3 2021,Gombe,73,218,13,83.0,1.0,0.0,0.0,38.0,44.0,2021.0,3.0,0.178,2.986,,
Q3 2021,Imo,27,85,16,27.0,1.0,0.0,0.0,10.0,16.0,2021.0,3.0,0.593,3.148,,
Q3 2021,Jigawa,94,312,65,137.0,0.0,2.0,0.0,89.0,46.0,2021.0,3.0,0.691,3.319,,
Q3 2021,Kaduna,174,684,144,201.0,0.0,0.0,1.0,118.0,82.0,2021.0,3.0,0.828,3.931,,
Q3 2021,Kano,32,131,53,33.0,0.0,0.0,0.0,16.0,17.0,2021.0,3.0,1.656,4.094,,
Q3 2021,Katsina,18,98,33,27.0,0.0,0.0,0.0,21.0,6.0,2021.0,3.0,1.833,5.444,,
Q3 2021,Kebbi,54,159,59,58.0,0.0,0.0,1.0,41.0,16.0,2021.0,3.0,1.093,2.944,,
Q3 2021,Kogi,95,280,42,137.0,0.0,0.0,1.0,72.0,64.0,2021.0,3.0,0.442,2.947,,
Q3 2021,Kwara,78,255,21,108.0,0.0,0.0,0.0,65.0,43.0,2021.0,3.0,0.269,3.269,,
Q3 2021,Lagos,141,233,41,144.0,0.0,1.0,2.0,71.0,70.0,2021.0,3.0,0.291,1.652,,
Q3 2021,Nasarawa,212,535,33,265.0,0.0,0.0,0.0,126.0,139.0,2021.0,3.0,0.156,2.524,,
Q3 2021,Niger,219,577,150,273.0,0.0,0.0,25.0,162.0,86.0,2021.0,3.0,0.685,2.635,,
Q3 2021,Ogun,299,618,98,312.0,2.0,0.0,0.0,253.0,57.0,2021.0,3.0,0.328,2.067,,
Q3 2021,Ondo,96,251,51,113.0,0.0,0.0,0.0,72.0,41.0,2021.0,3.0,0.531,2.615,,
Q3 2021,Osun,105,324,82,134.0,0.0,0.0,0.0,78.0,56.0,2021.0,3.0,0.781,3.086,,
Q3 2021,Oyo,137,344,58,159.0,0.0,0.0,4.0,88.0,67.0,2021.0,3.0,0.423,2.511,,
Q3 2021,Plateau,77,249,25,77.0,0.0,0.0,0.0,23.0,54.0,2021.0,3.0,0.325,3.234,,
Q3 2021,Rivers,31,88,23,36.0,0.0,0.0,0.0,16.0,20.0,2021.0,3.0,0.742,2.839,,
Q3 2021,Sokoto,27,78,15,34.0,0.0,0.0,0.0,26.0,8.0,2021.0,3.0,0.556,2.889,,
Q3 2021,Taraba,45,128,3,66.0,0.0,0.0,0.0,18.0,48.0,2021.0,3.0,0.067,2.844,,
Q3 2021,Yobe,55,292,41,66.0,0.0,0.0,0.0,33.0,33.0,2021.0,3.0,0.745,5.309,,
Q3 2021,Zamfara,21,56,19,21.0,0.0,0.0,0.0,9.0,12.0,2021.0,3.0,0.905,2.667,,
Q4 2021,Abia,21,57,3,27.0,0.0,0.0,2.0,8.0,17.0,2021.0,4.0,0.143,2.714,,
Q4 2021,Adamawa,76,191,25,92.0,0.0,0.0,0.0,62.0,30.0,2021.0,4.0,0.329,2.513,,
Q4 2021,Akwa Ibom,22,39,10,23.0,0.0,0.0,0.0,12.0,11.0,2021.0,4.0,0.455,1.773,,
Q4 2021,Anambra,59,156,45,64.0,1.0,0.0,1.0,24.0,38.0,2021.0,4.0,0.763,2.644,,
Q4 2021,Bauchi,217,882,156,247.0,0.0,0.0,1.0,124.0,122.0,2021.0,4.0,0.719,4.065,,
Q4 2021,Bayelsa,12,37,24,19.0,0.0,0.0,0.0,16.0,3.0,2021.0,4.0,2.0,3.083,,
Q4 2021,Benue,53,123,9,51.0,1.0,0.0,0.0,34.0,16.0,2021.0,4.0,0.17,2.321,,
Q4 2021,Borno,21,70,5,21.0,0.0,0.0,0.0,13.0,8.0,2021.0,4.0,0.238,3.333,,
Q4 2021,Cross River,54,133,20,70.0,0.0,0.0,0.0,48.0,22.0,2021.0,4.0,0.37,2.463,,
Q4 2021,Delta,58,172,30,71.0,0.0,0.0,0.0,29.0,42.0,2021.0,4.0,0.517,2.966,,
Q4 2021,Ebonyi,30,87,29,33.0,0.0,0.0,0.0,16.0,17.0,2021.0,4.0,0.967,2.9,,
Q4 2021,Edo,63,125,40,87.0,0.0,0.0,0.0,61.0,26.0,2021.0,4.0,0.635,1.984,,
Q4 2021,Ekiti,27,62,5,38.0,0.0,0.0,0.0,18.0,20.0,2021.0,4.0,0.185,2.296,,
Q4 2021,Enugu,56,134,21,63.0,0.0,0.0,0.0,24.0,39.0,2021.0,4.0,0.375,2.393,,
Q4 2021,Fct,280,621,66,328.0,0.0,0.0,0.0,172.0,156.0,2021.0,4.0,0.236,2.218,,
Q4 2021,Gombe,90,256,30,112.0,0.0,0.0,0.0,44.0,68.0,2021.0,4.0,0.333,2.844,,
Q4 2021,Imo,37,130,22,38.0,0.0,0.0,0.0,20.0,18.0,2021.0,4.0,0.595,3.514,,
Q4 2021,Jigawa,129,510,62,221.0,0.0,0.0,0.0,142.0,79.0,2021.0,4.0,0.481,3.953,,
Q4 2021,Kaduna,177,691,120,188.0,0.0,0.0,5.0,121.0,62.0,2021.0,4.0,0.678,3.904,,
Q4 2021,Kano,40,190,40,51.0,0.0,0.0,0.0,30.0,21.0,2021.0,4.0,1.0,4.75,,
Q4 2021,Katsina,10,38,13,17.0,0.0,0.0,0.0,11.0,6.0,2021.0,4.0,1.3,3.8,,
Q4 2021,Kebbi,62,248,28,64.0,0.0,0.0,0.0,47.0,17.0,2021.0,4.0,0.452,4.0,,
Q4 2021,Kogi,137,428,68,232.0,1.0,0.0,0.0,105.0,126.0,2021.0,4.0,0.496,3.124,,
Q4 2021,Kwara,108,365,76,136.0,0.0,0.0,0.0,64.0,72.0,2021.0,4.0,0.704,3.38,,
Q4 2021,Lagos,159,262,43,156.0,2.0,0.0,3.0,84.0,67.0,2021.0,4.0,0.27,1.648,,
Q4 2021,Nasarawa,263,686,59,301.0,3.0,0.0,0.0,92.0,206.0,2021.0,4.0,0.224,2.608,,
Q4 2021,Niger,180,759,108,225.0,0.0,0.0,3.0,154.0,68.0,2021.0,4.0,0.6,4.217,,
Q4 2021,Ogun,286,633,129,299.0,0.0,0.0,0.0,239.0,60.0,2021.0,4.0,0.451,2.213,,
Q4 2021,Ondo,134,247,62,162.0,0.0,0.0,2.0,95.0,65.0,2021.0,4.0,0.463,1.843,,
Q4 2021,Osun,107,302,63,134.0,0.0,0.0,0.0,73.0,61.0,2021.0,4.0,0.589,2.822,,
Q4 2021,Oyo,163,494,93,185.0,1.0,0.0,5.0,101.0,78.0,2021.0,4.0,0.571,3.031,,
Q4 2021,Plateau,74,261,34,80.0,2.0,0.0,0.0,31.0,47.0,2021.0,4.0,0.459,3.527,,
Q4 2021,Rivers,27,135,23,37.0,0.0,0.0,0.0,14.0,23.0,2021.0,4.0,0.852,5.0,,
Q4 2021,Sokoto,35,146,25,65.0,0.0,0.0,0.0,61.0,4.0,2021.0,4.0,0.714,4.171,,
Q4 2021,Taraba,70,178,9,78.0,0.0,0.0,0.0,25.0,53.0,2021.0,4.0,0.129,2.543,,
Q4 2021,Yobe,45,188,25,59.0,0.0,0.0,0.0,29.0,30.0,2021.0,4.0,0.556,4.178,,
Q4 2021,Zamfara,25,135,32,32.0,0.0,0.0,0.0,22.0,10.0,2021.0,4.0,1.28,5.4,,
Q1 2022,Abia,33,144,13,41.0,1.0,0.0,0.0,20.0,20.0,2022.0,1.0,0.394,4.364,,
Q1 2022,Adamawa,79,245,61,101.0,0.0,0.0,0.0,75.0,26.0,2022.0,1.0,0.772,3.101,,
Q1 2022,Akwa Ibom,16,35,7,16.0,0.0,0.0,0.0,12.0,4.0,2022.0,1.0,0.438,2.188,,
Q1 2022,Anambra,38,103,22,46.0,0.0,0.0,1.0,24.0,21.0,2022.0,1.0,0.579,2.711,,
Q1 2022,Bauchi,140,499,73,165.0,0.0,0.0,0.0,90.0,75.0,2022.0,1.0,0.521,3.564,,
Q1 2022,Bayelsa,23,61,2,35.0,0.0,0.0,0.0,29.0,6.0,2022.0,1.0,0.087,2.652,,
Q1 2022,Benue,74,221,27,80.0,0.0,0.0,0.0,55.0,25.0,2022.0,1.0,0.365,2.986,,
Q1 2022,Borno,25,114,25,26.0,0.0,0.0,0.0,15.0,11.0,2022.0,1.0,1.0,4.56,,
Q1 2022,Cross River,21,71,8,23.0,0.0,0.0,0.0,13.0,10.0,2022.0,1.0,0.381,3.381,,
Q1 2022,Delta,81,227,62,106.0,0.0,0.0,0.0,51.0,55.0,2022.0,1.0,0.765,2.802,,
Q1 2022,Ebonyi,33,87,22,40.0,0.0,0.0,0.0,20.0,20.0,2022.0,1.0,0.667,2.636,,
Q1 2022,Edo,77,176,54,121.0,0.0,0.0,0.0,80.0,41.0,2022.0,1.0,0.701,2.286,,
Q1 2022,Ekiti,19,35,3,27.0,0.0,0.0,0.0,19.0,8.0,2022.0,1.0,0.158,1.842,,
Q1 2022,Enugu,57,211,38,63.0,0.0,0.0,0.0,18.0,45.0,2022.0,1.0,0.667,3.702,,
Q1 2022,Fct,319,467,56,438.0,2.0,0.0,1.0,240.0,195.0,2022.0,1.0,0.176,1.464,,
Q1 2022,Gombe,73,274,16,97.0,0.0,0.0,0.0,53.0,44.0,2022.0,1.0,0.219,3.753,,
Q1 2022,Imo,26,54,17,27.0,0.0,0.0,0.0,5.0,22.0,2022.0,1.0,0.654,2.077,,
Q1 2022,Jigawa,102,417,37,204.0,0.0,0.0,0.0,168.0,36.0,2022.0,1.0,0.363,4.088,,
Q1 2022,Kaduna,197,887,197,196.0,0.0,0.0,4.0,110.0,82.0,2022.0,1.0,1.0,4.503,,
Q1 2022,Kano,92,417,138,124.0,0.0,0.0,1.0,80.0,43.0,2022.0,1.0,1.5,4.533,,
Q1 2022,Katsina,13,76,37,18.0,0.0,0.0,0.0,10.0,8.0,2022.0,1.0,2.846,5.846,,
Q1 2022,Kebbi,57,229,22,59.0,0.0,0.0,0.0,57.0,2.0,2022.0,1.0,0.386,4.018,,
Q1 2022,Kogi,142,474,95,222.0,0.0,0.0,1.0,132.0,89.0,2022.0,1.0,0.669,3.338,,
Q1 2022,Kwara,94,315,86,146.0,0.0,0.0,0.0,109.0,37.0,2022.0,1.0,0.915,3.351,,
Q1 2022,Lagos,198,276,48,198.0,3.0,0.0,6.0,88.0,101.0,2022.0,1.0,0.242,1.394,,
Q1 2022,Nasarawa,247,556,70,332.0,0.0,0.0,0.0,183.0,149.0,2022.0,1.0,0.283,2.251,,
Q1 2022,Niger,146,754,155,197.0,0.0,0.0,21.0,124.0,52.0,2022.0,1.0,1.062,5.164,,
Q1 2022,Ogun,268,656,126,344.0,2.0,0.0,0.0,260.0,82.0,2022.0,1.0,0.47,2.448,,
Q1 2022,Ondo,127,355,54,157.0,0.0,0.0,0.0,95.0,62.0,2022.0,1.0,0.425,2.795,,
Q1 2022,Osun,102,376,29,139.0,0.0,0.0,0.0,75.0,64.0,2022.0,1.0,0.284,3.686,,
Q1 2022,Oyo,173,540,73,205.0,0.0,0.0,4.0,124.0,77.0,2022.0,1.0,0.422,3.121,,
Q1 2022,Plateau,73,270,36,76.0,1.0,0.0,0.0,26.0,49.0,2022.0,1.0,0.493,3.699,,
Q1 2022,Rivers,29,58,7,38.0,0.0,0.0,0.0,20.0,18.0,2022.0,1.0,0.241,2.0,,
Q1 2022,Sokoto,27,103,13,33.0,0.0,0.0,0.0,19.0,14.0,2022.0,1.0,0.481,3.815,,
Q1 2022,Taraba,71,248,32,74.0,0.0,0.0,3.0,21.0,50.0,2022.0,1.0,0.451,3.493,,
Q1 2022,Yobe,26,133,63,38.0,0.0,0.0,0.0,21.0,17.0,2022.0,1.0,2.423,5.115,,
Q1 2022,Zamfara,27,130,10,31.0,0.0,0.0,0.0,20.0,11.0,2022.0,1.0,0.37,4.815,,
Q2 2022,Abia,29,107,23,42.0,0.0,0.0,0.0,21.0,21.0,2022.0,2.0,0.793,3.69,,
Q2 2022,Adamawa,64,176,25,85.0,0.0,0.0,0.0,50.0,35.0,2022.0,2.0,0.391,2.75,,
Q2 2022,Akwa Ibom,28,63,12,31.0,0.0,0.0,0.0,17.0,14.0,2022.0,2.0,0.429,2.25,,
Q2 2022,Anambra,29,45,18,30.0,0.0,0.0,0.0,7.0,23.0,2022.0,2.0,0.621,1.552,,
Q2 2022,Bauchi,90,351,79,107.0,0.0,0.0,0.0,62.0,45.0,2022.0,2.0,0.878,3.9,,
Q2 2022,Bayelsa,15,25,4,23.0,0.0,0.0,0.0,21.0,2.0,2022.0,2.0,0.267,1.667,,
Q2 2022,Benue,84,273,51,90.0,1.0,0.0,0.0,51.0,38.0,2022.0,2.0,0.607,3.25,,
Q2 2022,Borno,13,57,7,12.0,0.0,0.0,0.0,6.0,6.0,2022.0,2.0,0.538,4.385,,
Q2 2022,Cross River,29,60,18,36.0,0.0,0.0,0.0,20.0,16.0,2022.0,2.0,0.621,2.069,,
Q2 2022,Delta,66,173,32,96.0,1.0,0.0,2.0,35.0,58.0,2022.0,2.0,0.485,2.621,,
Q2 2022,Ebonyi,25,76,10,26.0,0.0,0.0,0.0,11.0,15.0,2022.0,2.0,0.4,3.04,,
Q2 2022,Edo,58,207,36,90.0,0.0,0.0,0.0,55.0,35.0,2022.0,2.0,0.621,3.569,,
Q2 2022,Ekiti,31,58,13,61.0,1.0,0.0,0.0,54.0,6.0,2022.0,2.0,0.419,1.871,,
Q2 2022,Enugu,70,215,24,75.0,0.0,0.0,0.0,28.0,47.0,2022.0,2.0,0.343,3.071,,
Q2 2022,Fct,538,1028,111,842.0,1.0,0.0,2.0,425.0,414.0,2022.0,2.0,0.206,1.911,,
Q2 2022,Gombe,81,199,35,94.0,0.0,0.0,0.0,43.0,51.0,2022.0,2.0,0.432,2.457,,
Q2 2022,Imo,20,46,9,26.0,0.0,0.0,0.0,6.0,20.0,2022.0,2.0,0.45,2.3,,
Q2 2022,Jigawa,88,333,46,147.0,0.0,1.0,1.0,99.0,46.0,2022.0,2.0,0.523,3.784,,
Q2 2022,Kaduna,181,717,177,181.0,0.0,0.0,6.0,99.0,76.0,2022.0,2.0,0.978,3.961,,
Q2 2022,Kano,91,406,74,107.0,0.0,0.0,0.0,71.0,36.0,2022.0,2.0,0.813,4.462,,
Q2 2022,Katsina,26,131,22,28.0,0.0,0.0,0.0,21.0,7.0,2022.0,2.0,0.846,5.038,,
Q2 2022,Kebbi,39,138,13,39.0,0.0,0.0,0.0,33.0,6.0,2022.0,2.0,0.333,3.538,,
Q2 2022,Kogi,139,395,81,233.0,1.0,0.0,2.0,131.0,99.0,2022.0,2.0,0.583,2.842,,
Q2 2022,Kwara,93,342,67,127.0,1.0,0.0,0.0,67.0,59.0,2022.0,2.0,0.72,3.677,,
Q2 2022,Lagos,148,209,32,149.0,4.0,1.0,0.0,87.0,57.0,2022.0,2.0,0.216,1.412,,
Q2 2022,Nasarawa,237,602,65,306.0,1.0,1.0,0.0,133.0,171.0,2022.0,2.0,0.274,2.54,,
Q2 2022,Niger,128,456,75,185.0,1.0,0.0,2.0,141.0,41.0,2022.0,2.0,0.586,3.562,,
Q2 2022,Ogun,239,595,90,344.0,2.0,0.0,0.0,243.0,99.0,2022.0,2.0,0.377,2.49,,
Q2 2022,Ondo,114,244,35,156.0,0.0,0.0,0.0,90.0,66.0,2022.0,2.0,0.307,2.14,,
Q2 2022,Osun,78,245,20,116.0,0.0,0.0,0.0,61.0,55.0,2022.0,2.0,0.256,3.141,,
Q2 2022,Oyo,171,378,64,195.0,0.0,0.0,4.0,106.0,85.0,2022.0,2.0,0.374,2.211,,
Q2 2022,Plateau,62,184,39,75.0,0.0,0.0,1.0,26.0,48.0,2022.0,2.0,0.629,2.968,,
Q2 2022,Rivers,22,54,6,23.0,0.0,0.0,0.0,7.0,16.0,2022.0,2.0,0.273,2.455,,
Q2 2022,Sokoto,31,126,68,40.0,0.0,0.0,0.0,20.0,20.0,2022.0,2.0,2.194,4.065,,
Q2 2022,Taraba,66,162,9,86.0,0.0,0.0,2.0,25.0,59.0,2022.0,2.0,0.136,2.455,,
Q2 2022,Yobe,31,192,35,44.0,0.0,0.0,0.0,27.0,17.0,2022.0,2.0,1.129,6.194,,
Q2 2022,Zamfara,28,78,13,33.0,0.0,0.0,0.0,19.0,14.0,2022.0,2.0,0.464,2.786,,
Q3 2022,Abia,24,101,9,2.0,0.0,0.0,0.0,22.0,-20.0,2022.0,3.0,0.375,4.208,,
Q3 2022,Adamawa,32,72,3,0.0,0.0,0.0,0.0,21.0,-21.0,2022.0,3.0,0.094,2.25,,
Q3 2022,Akwa Ibom,22,55,9,0.0,0.0,0.0,0.0,20.0,-20.0,2022.0,3.0,0.409,2.5,,
Q3 2022,Anambra,42,103,20,3.0,1.0,0.0,0.0,19.0,-17.0,2022.0,3.0,0.476,2.452,,
Q3 2022,Bauchi,129,436,94,8.0,0.0,0.0,1.0,98.0,-91.0,2022.0,3.0,0.729,3.38,,
Q3 2022,Bayelsa,12,16,1,0.0,0.0,0.0,0.0,15.0,-15.0,2022.0,3.0,0.083,1.333,,
Q3 2022,Benue,70,227,16,4.0,0.0,0.0,0.0,49.0,-45.0,2022.0,3.0,0.229,3.243,,
Q3 2022,Borno,25,154,22,1.0,0.0,0.0,0.0,10.0,-9.0,2022.0,3.0,0.88,6.16,,
Q3 2022,Cross River,28,48,17,0.0,0.0,0.0,0.0,26.0,-26.0,2022.0,3.0,0.607,1.714,,
Q3 2022,Delta,44,137,25,5.0,0.0,0.0,2.0,13.0,-10.0,2022.0,3.0,0.568,3.114,,
Q3 2022,Ebonyi,54,85,17,9.0,0.0,0.0,0.0,34.0,-25.0,2022.0,3.0,0.315,1.574,,
Q3 2022,Edo,60,133,28,5.0,0.0,0.0,1.0,44.0,-40.0,2022.0,3.0,0.467,2.217,,
Q3 2022,Ekiti,20,46,16,0.0,1.0,0.0,0.0,38.0,-39.0,2022.0,3.0,0.8,2.3,,
Q3 2022,Enugu,48,177,18,6.0,0.0,0.0,0.0,17.0,-11.0,2022.0,3.0,0.375,3.688,,
Q3 2022,Fct,464,784,109,23.0,0.0,0.0,2.0,369.0,-348.0,2022.0,3.0,0.235,1.69,,
Q3 2022,Gombe,58,165,9,3.0,0.0,0.0,0.0,19.0,-16.0,2022.0,3.0,0.155,2.845,,
Q3 2022,Imo,17,45,4,4.0,0.0,0.0,0.0,3.0,1.0,2022.0,3.0,0.235,2.647,,
Q3 2022,Jigawa,147,503,46,3.0,0.0,0.0,1.0,201.0,-199.0,2022.0,3.0,0.313,3.422,,
Q3 2022,Kaduna,192,744,164,4.0,2.0,0.0,3.0,119.0,-120.0,2022.0,3.0,0.854,3.875,,
Q3 2022,Kano,104,330,57,3.0,0.0,0.0,0.0,96.0,-93.0,2022.0,3.0,0.548,3.173,,
Q3 2022,Katsina,54,221,77,2.0,0.0,0.0,0.0,43.0,-41.0,2022.0,3.0,1.426,4.093,,
Q3 2022,Kebbi,52,154,39,0.0,0.0,0.0,0.0,45.0,-45.0,2022.0,3.0,0.75,2.962,,
Q3 2022,Kogi,110,305,36,5.0,0.0,0.0,5.0,99.0,-99.0,2022.0,3.0,0.327,2.773,,
Q3 2022,Kwara,80,267,30,1.0,0.0,0.0,0.0,96.0,-95.0,2022.0,3.0,0.375,3.338,,
Q3 2022,Lagos,146,201,57,18.0,3.0,0.0,0.0,79.0,-64.0,2022.0,3.0,0.39,1.377,,
Q3 2022,Nasarawa,241,626,78,37.0,1.0,0.0,0.0,129.0,-93.0,2022.0,3.0,0.324,2.598,,
Q3 2022,Niger,124,308,41,7.0,0.0,0.0,9.0,120.0,-122.0,2022.0,3.0,0.331,2.484,,
Q3 2022,Ogun,306,718,102,27.0,1.0,0.0,0.0,313.0,-287.0,2022.0,3.0,0.333,2.346,,
Q3 2022,Ondo,139,356,59,1.0,0.0,0.0,1.0,103.0,-103.0,2022.0,3.0,0.424,2.561,,
Q3 2022,Osun,95,327,30,1.0,0.0,0.0,0.0,78.0,-77.0,2022.0,3.0,0.316,3.442,,
Q3 2022,Oyo,166,514,84,1.0,0.0,0.0,2.0,105.0,-106.0,2022.0,3.0,0.506,3.096,,
Q3 2022,Plateau,80,227,32,6.0,1.0,0.0,2.0,38.0,-35.0,2022.0,3.0,0.4,2.838,,
Q3 2022,Rivers,21,42,9,0.0,0.0,0.0,0.0,8.0,-8.0,2022.0,3.0,0.429,2.0,,
Q3 2022,Sokoto,48,146,38,4.0,0.0,0.0,2.0,31.0,-29.0,2022.0,3.0,0.792,3.042,,
Q3 2022,Taraba,81,217,8,6.0,0.0,0.0,0.0,18.0,-12.0,2022.0,3.0,0.099,2.679,,
Q3 2022,Yobe,48,191,60,21.0,0.0,0.0,0.0,26.0,-5.0,2022.0,3.0,1.25,3.979,,
Q3 2022,Zamfara,29,77,12,1.0,0.0,0.0,0.0,22.0,-21.0,2022.0,3.0,0.414,2.655,,
Q4 2022,Abia,33,89,7,35.0,12.0,0.0,0.0,0.0,23.0,2022.0,4.0,0.212,2.697,,
Q4 2022,Adamawa,34,117,17,34.0,22.0,0.0,0.0,0.0,12.0,2022.0,4.0,0.5,3.441,,
Q4 2022,Akwa Ibom,23,75,15,23.0,16.0,0.0,0.0,0.0,7.0,2022.0,4.0,0.652,3.261,,
Q4 2022,Anambra,40,121,14,48.0,21.0,0.0,0.0,0.0,27.0,2022.0,4.0,0.35,3.025,,
Q4 2022,Bauchi,122,523,93,161.0,72.0,0.0,0.0,1.0,88.0,2022.0,4.0,0.762,4.287,,
Q4 2022,Bayelsa,8,17,1,9.0,4.0,0.0,0.0,0.0,5.0,2022.0,4.0,0.125,2.125,,
Q4 2022,Benue,73,225,24,77.0,52.0,1.0,0.0,0.0,24.0,2022.0,4.0,0.329,3.082,,
Q4 2022,Borno,39,207,66,47.0,5.0,0.0,0.0,0.0,42.0,2022.0,4.0,1.692,5.308,,
Q4 2022,Cross River,39,81,21,51.0,27.0,0.0,0.0,0.0,24.0,2022.0,4.0,0.538,2.077,,
Q4 2022,Delta,48,174,30,56.0,27.0,0.0,0.0,0.0,29.0,2022.0,4.0,0.625,3.625,,
Q4 2022,Ebonyi,55,118,19,61.0,16.0,0.0,0.0,0.0,45.0,2022.0,4.0,0.345,2.145,,
Q4 2022,Edo,63,142,23,98.0,10.0,1.0,0.0,0.0,87.0,2022.0,4.0,0.365,2.254,,
Q4 2022,Ekiti,19,40,9,30.0,11.0,0.0,0.0,0.0,19.0,2022.0,4.0,0.474,2.105,,
Q4 2022,Enugu,56,157,19,73.0,33.0,1.0,0.0,0.0,39.0,2022.0,4.0,0.339,2.804,,
Q4 2022,Fct,482,791,127,864.0,120.0,0.0,0.0,158.0,586.0,2022.0,4.0,0.263,1.641,,
Q4 2022,Gombe,115,363,47,136.0,33.0,0.0,0.0,0.0,103.0,2022.0,4.0,0.409,3.157,,
Q4 2022,Imo,31,97,21,26.0,6.0,0.0,0.0,0.0,20.0,2022.0,4.0,0.677,3.129,,
Q4 2022,Jigawa,179,624,44,311.0,128.0,0.0,0.0,1.0,182.0,2022.0,4.0,0.246,3.486,,
Q4 2022,Kaduna,205,810,142,203.0,133.0,0.0,0.0,10.0,60.0,2022.0,4.0,0.693,3.951,,
Q4 2022,Kano,120,411,94,147.0,66.0,0.0,0.0,0.0,81.0,2022.0,4.0,0.783,3.425,,
Q4 2022,Katsina,36,169,32,44.0,21.0,0.0,0.0,0.0,23.0,2022.0,4.0,0.889,4.694,,
Q4 2022,Kebbi,44,186,43,45.0,13.0,0.0,0.0,0.0,32.0,2022.0,4.0,0.977,4.227,,
Q4 2022,Kogi,138,413,81,181.0,82.0,0.0,0.0,0.0,99.0,2022.0,4.0,0.587,2.993,,
Q4 2022,Kwara,91,252,54,142.0,49.0,0.0,0.0,0.0,93.0,2022.0,4.0,0.593,2.769,,
Q4 2022,Lagos,167,268,42,155.0,92.0,0.0,0.0,0.0,63.0,2022.0,4.0,0.251,1.605,,
Q4 2022,Nasarawa,234,580,57,288.0,105.0,0.0,0.0,0.0,183.0,2022.0,4.0,0.244,2.479,,
Q4 2022,Niger,145,553,96,195.0,90.0,2.0,0.0,7.0,96.0,2022.0,4.0,0.662,3.814,,
Q4 2022,Ogun,301,663,77,478.0,183.0,1.0,0.0,0.0,294.0,2022.0,4.0,0.256,2.203,,
Q4 2022,Ondo,109,247,33,133.0,81.0,0.0,0.0,1.0,51.0,2022.0,4.0,0.303,2.266,,
Q4 2022,Osun,101,319,39,126.0,64.0,0.0,2.0,0.0,60.0,2022.0,4.0,0.386,3.158,,
Q4 2022,Oyo,165,423,84,209.0,115.0,0.0,0.0,2.0,92.0,2022.0,4.0,0.509,2.564,,
Q4 2022,Plateau,84,254,29,84.0,27.0,0.0,0.0,0.0,57.0,2022.0,4.0,0.345,3.024,,
Q4 2022,Rivers,26,43,16,29.0,6.0,0.0,0.0,0.0,23.0,2022.0,4.0,0.615,1.654,,
Q4 2022,Sokoto,37,148,26,50.0,19.0,2.0,0.0,0.0,29.0,2022.0,4.0,0.703,4.0,,
Q4 2022,Taraba,68,192,8,83.0,4.0,0.0,0.0,0.0,79.0,2022.0,4.0,0.118,2.824,,
Q4 2022,Yobe,57,237,35,68.0,25.0,0.0,0.0,0.0,43.0,2022.0,4.0,0.614,4.158,,
Q4 2022,Zamfara,30,103,23,35.0,13.0,0.0,0.0,0.0,22.0,2022.0,4.0,0.767,3.433,,
Q1 2023,Abia,12,45,16,14.0,7.0,0.0,0.0,0.0,7.0,2023.0,1.0,1.333,3.75,,
Q1 2023,Adamawa,53,152,20,56.0,35.0,0.0,0.0,0.0,21.0,2023.0,1.0,0.377,2.868,,
Q1 2023,Akwa Ibom,9,16,3,11.0,4.0,0.0,0.0,0.0,7.0,2023.0,1.0,0.333,1.778,,
Q1 2023,Anambra,15,76,3,19.0,8.0,0.0,0.0,0.0,11.0,2023.0,1.0,0.2,5.067,,
Q1 2023,Bauchi,110,473,139,155.0,79.0,0.0,0.0,0.0,76.0,2023.0,1.0,1.264,4.3,,
Q1 2023,Bayelsa,6,11,1,10.0,8.0,0.0,0.0,0.0,2.0,2023.0,1.0,0.167,1.833,,
Q1 2023,Benue,37,84,4,37.0,19.0,0.0,0.0,0.0,18.0,2023.0,1.0,0.108,2.27,,
Q1 2023,Borno,26,76,9,26.0,6.0,0.0,0.0,0.0,20.0,2023.0,1.0,0.346,2.923,,
Q1 2023,Cross River,12,35,7,15.0,12.0,0.0,0.0,0.0,3.0,2023.0,1.0,0.583,2.917,,
Q1 2023,Delta,22,87,34,34.0,15.0,0.0,0.0,0.0,19.0,2023.0,1.0,1.545,3.955,,
Q1 2023,Ebonyi,49,131,14,53.0,28.0,1.0,0.0,0.0,24.0,2023.0,1.0,0.286,2.673,,
Q1 2023,Edo,55,183,41,94.0,25.0,0.0,0.0,0.0,69.0,2023.0,1.0,0.745,3.327,,
Q1 2023,Ekiti,22,48,2,50.0,39.0,1.0,0.0,0.0,10.0,2023.0,1.0,0.091,2.182,,
Q1 2023,Enugu,37,99,21,48.0,28.0,0.0,0.0,0.0,20.0,2023.0,1.0,0.568,2.676,,
Q1 2023,Fct,382,667,100,616.0,300.0,0.0,2.0,6.0,308.0,2023.0,1.0,0.262,1.746,,
Q1 2023,Gombe,61,240,26,87.0,47.0,0.0,0.0,0.0,40.0,2023.0,1.0,0.426,3.934,,
Q1 2023,Imo,18,58,11,14.0,8.0,0.0,0.0,0.0,6.0,2023.0,1.0,0.611,3.222,,
Q1 2023,Jigawa,129,400,26,226.0,185.0,0.0,0.0,0.0,41.0,2023.0,1.0,0.202,3.101,,
Q1 2023,Kaduna,203,782,139,195.0,109.0,0.0,0.0,8.0,78.0,2023.0,1.0,0.685,3.852,,
Q1 2023,Kano,66,309,69,78.0,53.0,0.0,0.0,0.0,25.0,2023.0,1.0,1.045,4.682,,
Q1 2023,Katsina,23,143,29,25.0,18.0,0.0,0.0,0.0,7.0,2023.0,1.0,1.261,6.217,,
Q1 2023,Kebbi,27,128,62,31.0,25.0,0.0,0.0,0.0,6.0,2023.0,1.0,2.296,4.741,,
Q1 2023,Kogi,97,313,64,131.0,73.0,0.0,0.0,1.0,57.0,2023.0,1.0,0.66,3.227,,
Q1 2023,Kwara,91,328,54,139.0,88.0,1.0,0.0,0.0,50.0,2023.0,1.0,0.593,3.604,,
Q1 2023,Lagos,113,230,40,113.0,66.0,0.0,0.0,1.0,46.0,2023.0,1.0,0.354,2.035,,
Q1 2023,Nasarawa,143,315,23,183.0,73.0,0.0,0.0,0.0,110.0,2023.0,1.0,0.161,2.203,,
Q1 2023,Niger,123,407,94,161.0,103.0,0.0,1.0,3.0,54.0,2023.0,1.0,0.764,3.309,,
Q1 2023,Ogun,269,707,113,457.0,320.0,1.0,0.0,6.0,130.0,2023.0,1.0,0.42,2.628,,
Q1 2023,Ondo,99,239,43,112.0,70.0,0.0,0.0,1.0,41.0,2023.0,1.0,0.434,2.414,,
Q1 2023,Osun,69,255,13,83.0,53.0,0.0,0.0,0.0,30.0,2023.0,1.0,0.188,3.696,,
Q1 2023,Oyo,106,247,53,136.0,84.0,0.0,0.0,1.0,51.0,2023.0,1.0,0.5,2.33,,
Q1 2023,Plateau,100,420,55,120.0,42.0,0.0,0.0,0.0,78.0,2023.0,1.0,0.55,4.2,,
Q1 2023,Rivers,18,37,9,21.0,16.0,1.0,0.0,0.0,4.0,2023.0,1.0,0.5,2.056,,
Q1 2023,Sokoto,18,69,40,23.0,14.0,0.0,0.0,0.0,9.0,2023.0,1.0,2.222,3.833,,
Q1 2023,Taraba,55,201,24,56.0,9.0,0.0,0.0,0.0,47.0,2023.0,1.0,0.436,3.655,,
Q1 2023,Yobe,38,215,26,57.0,36.0,0.0,0.0,0.0,21.0,2023.0,1.0,0.684,5.658,,
Q1 2023,Zamfara,20,113,14,24.0,14.0,0.0,0.0,0.0,10.0,2023.0,1.0,0.7,5.65,,
Q2 2023,Abia,12,22,3,11.0,2.0,0.0,0.0,0.0,9.0,2023.0,2.0,0.25,1.833,,
Q2 2023,Adamawa,57,175,5,61.0,39.0,0.0,0.0,0.0,22.0,2023.0,2.0,0.088,3.07,,
Q2 2023,Akwa Ibom,17,32,6,19.0,12.0,0.0,0.0,0.0,7.0,2023.0,2.0,0.353,1.882,,
Q2 2023,Anambra,34,60,12,34.0,11.0,0.0,0.0,1.0,22.0,2023.0,2.0,0.353,1.765,,
Q2 2023,Bauchi,100,399,84,133.0,80.0,0.0,0.0,0.0,53.0,2023.0,2.0,0.84,3.99,,
Q2 2023,Bayelsa,7,30,8,9.0,3.0,0.0,0.0,0.0,6.0,2023.0,2.0,1.143,4.286,,
Q2 2023,Benue,57,156,29,57.0,47.0,0.0,0.0,0.0,10.0,2023.0,2.0,0.509,2.737,,
Q2 2023,Borno,54,164,13,55.0,20.0,0.0,0.0,0.0,35.0,2023.0,2.0,0.241,3.037,,
Q2 2023,Cross River,27,85,22,32.0,25.0,0.0,0.0,0.0,7.0,2023.0,2.0,0.815,3.148,,
Q2 2023,Delta,28,84,17,40.0,14.0,1.0,0.0,0.0,25.0,2023.0,2.0,0.607,3.0,,
Q2 2023,Ebonyi,48,97,43,53.0,35.0,0.0,0.0,0.0,18.0,2023.0,2.0,0.896,2.021,,
Q2 2023,Edo,71,222,50,97.0,35.0,0.0,0.0,0.0,62.0,2023.0,2.0,0.704,3.127,,
Q2 2023,Ekiti,28,51,9,51.0,38.0,0.0,0.0,0.0,13.0,2023.0,2.0,0.321,1.821,,
Q2 2023,Enugu,44,129,40,68.0,26.0,0.0,0.0,0.0,42.0,2023.0,2.0,0.909,2.932,,
Q2 2023,Fct,320,653,65,502.0,285.0,1.0,2.0,0.0,214.0,2023.0,2.0,0.203,2.041,,
Q2 2023,Gombe,60,220,30,70.0,40.0,0.0,0.0,0.0,30.0,2023.0,2.0,0.5,3.667,,
Q2 2023,Imo,20,37,8,25.0,16.0,0.0,0.0,0.0,9.0,2023.0,2.0,0.4,1.85,,
Q2 2023,Jigawa,107,291,53,194.0,136.0,0.0,0.0,0.0,58.0,2023.0,2.0,0.495,2.72,,
Q2 2023,Kaduna,190,755,119,218.0,125.0,1.0,0.0,7.0,85.0,2023.0,2.0,0.626,3.974,,
Q2 2023,Kano,87,272,46,115.0,54.0,0.0,0.0,1.0,60.0,2023.0,2.0,0.529,3.126,,
Q2 2023,Katsina,37,131,34,47.0,31.0,0.0,0.0,0.0,16.0,2023.0,2.0,0.919,3.541,,
Q2 2023,Kebbi,37,89,24,32.0,26.0,0.0,0.0,0.0,6.0,2023.0,2.0,0.649,2.405,,
Q2 2023,Kogi,107,360,57,118.0,64.0,0.0,0.0,0.0,54.0,2023.0,2.0,0.533,3.364,,
Q2 2023,Kwara,77,288,37,127.0,95.0,0.0,0.0,0.0,32.0,2023.0,2.0,0.481,3.74,,
Q2 2023,Lagos,138,209,52,138.0,77.0,4.0,0.0,0.0,57.0,2023.0,2.0,0.377,1.514,,
Q2 2023,Nasarawa,208,532,55,274.0,140.0,0.0,0.0,0.0,134.0,2023.0,2.0,0.264,2.558,,
Q2 2023,Niger,150,499,78,177.0,128.0,1.0,1.0,2.0,45.0,2023.0,2.0,0.52,3.327,,
Q2 2023,Ogun,283,621,97,502.0,340.0,0.0,0.0,2.0,160.0,2023.0,2.0,0.343,2.194,,
Q2 2023,Ondo,113,278,39,129.0,83.0,0.0,1.0,1.0,44.0,2023.0,2.0,0.345,2.46,,
Q2 2023,Osun,89,230,54,95.0,56.0,0.0,0.0,0.0,39.0,2023.0,2.0,0.607,2.584,,
Q2 2023,Oyo,144,370,94,155.0,87.0,0.0,1.0,0.0,67.0,2023.0,2.0,0.653,2.569,,
Q2 2023,Plateau,61,194,33,71.0,25.0,0.0,0.0,1.0,45.0,2023.0,2.0,0.541,3.18,,
Q2 2023,Rivers,22,34,11,31.0,18.0,0.0,0.0,0.0,13.0,2023.0,2.0,0.5,1.545,,
Q2 2023,Sokoto,17,58,8,30.0,13.0,0.0,0.0,0.0,17.0,2023.0,2.0,0.471,3.412,,
Q2 2023,Taraba,47,99,10,63.0,22.0,0.0,0.0,0.0,41.0,2023.0,2.0,0.213,2.106,,
Q2 2023,Yobe,50,305,32,64.0,36.0,0.0,0.0,0.0,28.0,2023.0,2.0,0.64,6.1,,
Q2 2023,Zamfara,19,146,32,23.0,14.0,0.0,0.0,0.0,9.0,2023.0,2.0,1.684,7.684,,
Q3 2023,Abia,15,42,11,18.0,5.0,0.0,0.0,0.0,13.0,2023.0,3.0,0.733,2.8,,
Q3 2023,Adamawa,32,89,6,33.0,21.0,0.0,0.0,0.0,12.0,2023.0,3.0,0.188,2.781,,
Q3 2023,Akwa Ibom,8,14,3,10.0,9.0,0.0,0.0,0.0,1.0,2023.0,3.0,0.375,1.75,,
Q3 2023,Anambra,34,90,19,42.0,14.0,0.0,0.0,0.0,28.0,2023.0,3.0,0.559,2.647,,
Q3 2023,Bauchi,51,159,16,57.0,36.0,0.0,0.0,0.0,21.0,2023.0,3.0,0.314,3.118,,
Q3 2023,Bayelsa,5,2,0,7.0,6.0,0.0,0.0,0.0,1.0,2023.0,3.0,0.0,0.4,,
Q3 2023,Benue,55,176,13,57.0,44.0,0.0,0.0,0.0,13.0,2023.0,3.0,0.236,3.2,,
Q3 2023,Borno,28,93,17,26.0,8.0,0.0,0.0,0.0,18.0,2023.0,3.0,0.607,3.321,,
Q3 2023,Cross River,18,25,12,21.0,10.0,0.0,0.0,0.0,11.0,2023.0,3.0,0.667,1.389,,
Q3 2023,Delta,30,63,15,42.0,17.0,0.0,0.0,0.0,25.0,2023.0,3.0,0.5,2.1,,
Q3 2023,Ebonyi,19,39,10,18.0,12.0,0.0,0.0,0.0,6.0,2023.0,3.0,0.526,2.053,,
Q3 2023,Edo,33,79,16,61.0,40.0,0.0,0.0,0.0,21.0,2023.0,3.0,0.485,2.394,,
Q3 2023,Ekiti,29,53,23,50.0,28.0,1.0,0.0,0.0,21.0,2023.0,3.0,0.793,1.828,,
Q3 2023,Enugu,32,96,31,36.0,18.0,0.0,0.0,0.0,18.0,2023.0,3.0,0.969,3.0,,
Q3 2023,Fct,349,607,82,511.0,278.0,2.0,1.0,1.0,229.0,2023.0,3.0,0.235,1.739,,
Q3 2023,Gombe,40,140,11,40.0,17.0,0.0,0.0,0.0,23.0,2023.0,3.0,0.275,3.5,,
Q3 2023,Imo,20,107,10,20.0,9.0,0.0,0.0,0.0,11.0,2023.0,3.0,0.5,5.35,,
Q3 2023,Jigawa,64,217,21,120.0,89.0,0.0,1.0,0.0,30.0,2023.0,3.0,0.328,3.391,,
Q3 2023,Kaduna,117,481,82,115.0,71.0,0.0,0.0,4.0,40.0,2023.0,3.0,0.701,4.111,,
Q3 2023,Kano,43,132,24,52.0,25.0,0.0,0.0,0.0,27.0,2023.0,3.0,0.558,3.07,,
Q3 2023,Katsina,18,78,13,33.0,17.0,0.0,1.0,0.0,15.0,2023.0,3.0,0.722,4.333,,
Q3 2023,Kebbi,10,14,0,10.0,10.0,0.0,0.0,0.0,0.0,2023.0,3.0,0.0,1.4,,
Q3 2023,Kogi,96,355,52,112.0,21.0,0.0,0.0,0.0,91.0,2023.0,3.0,0.542,3.698,,
Q3 2023,Kwara,73,222,51,110.0,30.0,0.0,0.0,0.0,80.0,2023.0,3.0,0.699,3.041,,
Q3 2023,Lagos,106,164,34,110.0,56.0,1.0,0.0,0.0,53.0,2023.0,3.0,0.321,1.547,,
Q3 2023,Nasarawa,162,411,37,220.0,113.0,1.0,1.0,0.0,105.0,2023.0,3.0,0.228,2.537,,
Q3 2023,Niger,101,382,56,138.0,98.0,1.0,0.0,2.0,37.0,2023.0,3.0,0.554,3.782,,
Q3 2023,Ogun,212,584,82,396.0,262.0,0.0,0.0,0.0,134.0,2023.0,3.0,0.387,2.755,,
Q3 2023,Ondo,68,161,44,102.0,68.0,0.0,0.0,4.0,30.0,2023.0,3.0,0.647,2.368,,
Q3 2023,Osun,67,239,41,95.0,59.0,0.0,0.0,0.0,36.0,2023.0,3.0,0.612,3.567,,
Q3 2023,Oyo,118,332,45,160.0,106.0,0.0,0.0,0.0,54.0,2023.0,3.0,0.381,2.814,,
Q3 2023,Plateau,44,100,4,50.0,32.0,0.0,0.0,0.0,18.0,2023.0,3.0,0.091,2.273,,
Q3 2023,Rivers,13,49,3,21.0,11.0,0.0,0.0,0.0,10.0,2023.0,3.0,0.231,3.769,,
Q3 2023,Sokoto,15,36,11,24.0,14.0,0.0,0.0,0.0,10.0,2023.0,3.0,0.733,2.4,,
Q3 2023,Taraba,24,79,0,28.0,8.0,0.0,0.0,0.0,20.0,2023.0,3.0,0.0,3.292,,
Q3 2023,Yobe,28,93,12,33.0,11.0,0.0,0.0,0.0,22.0,2023.0,3.0,0.429,3.321,,
Q3 2023,Zamfara,10,38,1,13.0,8.0,0.0,0.0,0.0,5.0,2023.0,3.0,0.1,3.8,,
Q4 2023,Abia,26,159,14,31.0,13.0,1.0,0.0,0.0,17.0,2023.0,4.0,0.538,6.115,,
Q4 2023,Adamawa,42,153,11,57.0,34.0,0.0,0.0,0.0,23.0,2023.0,4.0,0.262,3.643,,
Q4 2023,Akwa Ibom,12,24,15,15.0,8.0,0.0,1.0,0.0,6.0,2023.0,4.0,1.25,2.0,,
Q4 2023,Anambra,32,71,9,36.0,11.0,0.0,0.0,0.0,25.0,2023.0,4.0,0.281,2.219,,
Q4 2023,Bauchi,83,361,46,136.0,55.0,0.0,0.0,2.0,79.0,2023.0,4.0,0.554,4.349,,
Q4 2023,Bayelsa,3,14,0,4.0,0.0,0.0,0.0,0.0,4.0,2023.0,4.0,0.0,4.667,,
Q4 2023,Benue,42,114,23,42.0,27.0,0.0,0.0,0.0,15.0,2023.0,4.0,0.548,2.714,,
Q4 2023,Borno,19,210,5,32.0,4.0,0.0,0.0,0.0,28.0,2023.0,4.0,0.263,11.053,,
Q4 2023,Cross River,26,42,16,28.0,15.0,0.0,0.0,0.0,13.0,2023.0,4.0,0.615,1.615,,
Q4 2023,Delta,38,123,29,41.0,20.0,0.0,0.0,1.0,20.0,2023.0,4.0,0.763,3.237,,
Q4 2023,Ebonyi,25,72,11,28.0,15.0,0.0,0.0,0.0,13.0,2023.0,4.0,0.44,2.88,,
Q4 2023,Edo,46,102,16,67.0,38.0,0.0,0.0,0.0,29.0,2023.0,4.0,0.348,2.217,,
Q4 2023,Ekiti,24,37,2,42.0,30.0,1.0,0.0,0.0,11.0,2023.0,4.0,0.083,1.542,,
Q4 2023,Enugu,42,193,16,52.0,31.0,0.0,0.0,0.0,21.0,2023.0,4.0,0.381,4.595,,
Q4 2023,Fct,296,548,69,382.0,258.0,0.0,0.0,1.0,123.0,2023.0,4.0,0.233,1.851,,
Q4 2023,Gombe,118,464,29,100.0,57.0,0.0,0.0,0.0,43.0,2023.0,4.0,0.246,3.932,,
Q4 2023,Imo,29,72,24,33.0,17.0,3.0,1.0,0.0,12.0,2023.0,4.0,0.828,2.483,,
Q4 2023,Jigawa,114,460,36,211.0,160.0,0.0,0.0,3.0,48.0,2023.0,4.0,0.316,4.035,,
Q4 2023,Kaduna,209,889,150,218.0,118.0,1.0,0.0,9.0,90.0,2023.0,4.0,0.718,4.254,,
Q4 2023,Kano,59,265,62,77.0,54.0,0.0,0.0,0.0,23.0,2023.0,4.0,1.051,4.492,,
Q4 2023,Katsina,40,207,45,49.0,30.0,0.0,0.0,0.0,19.0,2023.0,4.0,1.125,5.175,,
Q4 2023,Kebbi,50,219,40,52.0,46.0,0.0,0.0,0.0,6.0,2023.0,4.0,0.8,4.38,,
Q4 2023,Kogi,107,355,65,128.0,67.0,0.0,0.0,0.0,61.0,2023.0,4.0,0.607,3.318,,
Q4 2023,Kwara,75,316,57,110.0,47.0,0.0,0.0,2.0,61.0,2023.0,4.0,0.76,4.213,,
Q4 2023,Lagos,101,127,17,102.0,65.0,0.0,0.0,1.0,36.0,2023.0,4.0,0.168,1.257,,
Q4 2023,Nasarawa,212,555,32,268.0,148.0,2.0,2.0,0.0,116.0,2023.0,4.0,0.151,2.618,,
Q4 2023,Niger,99,649,97,134.0,108.0,0.0,0.0,2.0,24.0,2023.0,4.0,0.98,6.556,,
Q4 2023,Ogun,202,521,102,380.0,265.0,0.0,0.0,0.0,115.0,2023.0,4.0,0.505,2.579,,
Q4 2023,Ondo,100,264,54,135.0,81.0,0.0,1.0,3.0,50.0,2023.0,4.0,0.54,2.64,,
Q4 2023,Osun,96,287,47,146.0,84.0,0.0,4.0,2.0,56.0,2023.0,4.0,0.49,2.99,,
Q4 2023,Oyo,127,372,78,194.0,122.0,0.0,0.0,3.0,69.0,2023.0,4.0,0.614,2.929,,
Q4 2023,Plateau,74,244,28,78.0,39.0,0.0,0.0,2.0,37.0,2023.0,4.0,0.378,3.297,,
Q4 2023,Rivers,16,28,3,17.0,10.0,0.0,0.0,0.0,7.0,2023.0,4.0,0.188,1.75,,
Q4 2023,Sokoto,25,110,13,26.0,12.0,0.0,0.0,0.0,14.0,2023.0,4.0,0.52,4.4,,
Q4 2023,Taraba,43,113,13,41.0,13.0,0.0,0.0,0.0,28.0,2023.0,4.0,0.302,2.628,,
Q4 2023,Yobe,50,340,31,72.0,26.0,0.0,0.0,0.0,46.0,2023.0,4.0,0.62,6.8,,
Q4 2023,Zamfara,15,36,18,21.0,17.0,0.0,0.0,0.0,4.0,2023.0,4.0,1.2,2.4,,
Q1 2024,Abia,19,45,5,17.0,6.0,0.0,0.0,0.0,11.0,2024.0,1.0,0.263,2.368,,
Q1 2024,Adamawa,29,163,27,42.0,29.0,0.0,0.0,0.0,13.0,2024.0,1.0,0.931,5.621,,
Q1 2024,Akwa Ibom,10,23,5,13.0,5.0,0.0,0.0,0.0,8.0,2024.0,1.0,0.5,2.3,,
Q1 2024,Anambra,31,73,13,36.0,17.0,0.0,0.0,2.0,17.0,2024.0,1.0,0.419,2.355,,
Q1 2024,Bauchi,99,442,45,124.0,67.0,0.0,0.0,1.0,56.0,2024.0,1.0,0.455,4.465,,
Q1 2024,Bayelsa,13,26,5,21.0,13.0,0.0,0.0,0.0,8.0,2024.0,1.0,0.385,2.0,,
Q1 2024,Benue,83,317,49,101.0,62.0,2.0,0.0,0.0,37.0,2024.0,1.0,0.59,3.819,,
Q1 2024,Borno,26,173,3,42.0,19.0,0.0,0.0,0.0,23.0,2024.0,1.0,0.115,6.654,,
Q1 2024,Cross River,32,112,15,38.0,25.0,0.0,0.0,0.0,13.0,2024.0,1.0,0.469,3.5,,
Q1 2024,Delta,31,76,18,44.0,26.0,0.0,0.0,0.0,18.0,2024.0,1.0,0.581,2.452,,
Q1 2024,Ebonyi,43,60,19,35.0,22.0,0.0,0.0,0.0,13.0,2024.0,1.0,0.442,1.395,,
Q1 2024,Edo,61,159,39,73.0,46.0,0.0,0.0,2.0,25.0,2024.0,1.0,0.639,2.607,,
Q1 2024,Ekiti,24,55,9,33.0,27.0,2.0,0.0,0.0,4.0,2024.0,1.0,0.375,2.292,,
Q1 2024,Enugu,44,164,24,50.0,39.0,0.0,0.0,0.0,11.0,2024.0,1.0,0.545,3.727,,
Q1 2024,Fct,273,504,62,368.0,280.0,0.0,0.0,2.0,86.0,2024.0,1.0,0.227,1.846,,
Q1 2024,Gombe,88,349,44,88.0,46.0,0.0,0.0,0.0,42.0,2024.0,1.0,0.5,3.966,,
Q1 2024,Imo,34,134,36,28.0,25.0,0.0,0.0,0.0,3.0,2024.0,1.0,1.059,3.941,,
Q1 2024,Jigawa,95,308,41,155.0,104.0,0.0,0.0,1.0,50.0,2024.0,1.0,0.432,3.242,,
Q1 2024,Kaduna,180,828,171,181.0,96.0,1.0,0.0,6.0,78.0,2024.0,1.0,0.95,4.6,,
Q1 2024,Kano,54,236,30,66.0,44.0,0.0,0.0,0.0,22.0,2024.0,1.0,0.556,4.37,,
Q1 2024,Katsina,35,133,38,50.0,33.0,0.0,0.0,0.0,17.0,2024.0,1.0,1.086,3.8,,
Q1 2024,Kebbi,33,250,41,34.0,29.0,0.0,0.0,0.0,5.0,2024.0,1.0,1.242,7.576,,
Q1 2024,Kogi,121,500,83,193.0,126.0,1.0,0.0,1.0,65.0,2024.0,1.0,0.686,4.132,,
Q1 2024,Kwara,74,300,70,109.0,63.0,0.0,0.0,0.0,46.0,2024.0,1.0,0.946,4.054,,
Q1 2024,Lagos,113,165,18,111.0,71.0,1.0,0.0,0.0,39.0,2024.0,1.0,0.159,1.46,,
Q1 2024,Nasarawa,169,438,41,242.0,167.0,2.0,1.0,0.0,72.0,2024.0,1.0,0.243,2.592,,
Q1 2024,Niger,127,433,119,182.0,140.0,0.0,2.0,3.0,37.0,2024.0,1.0,0.937,3.409,,
Q1 2024,Ogun,200,542,98,365.0,261.0,0.0,0.0,0.0,104.0,2024.0,1.0,0.49,2.71,,
Q1 2024,Ondo,84,245,35,146.0,80.0,0.0,0.0,1.0,65.0,2024.0,1.0,0.417,2.917,,
Q1 2024,Osun,100,376,96,123.0,71.0,0.0,0.0,1.0,51.0,2024.0,1.0,0.96,3.76,,
Q1 2024,Oyo,131,298,68,122.0,84.0,0.0,0.0,2.0,36.0,2024.0,1.0,0.519,2.275,,
Q1 2024,Plateau,77,185,15,98.0,48.0,1.0,0.0,0.0,49.0,2024.0,1.0,0.195,2.403,,
Q1 2024,Rivers,15,32,4,21.0,17.0,0.0,0.0,0.0,4.0,2024.0,1.0,0.267,2.133,,
Q1 2024,Sokoto,24,122,41,52.0,41.0,0.0,0.0,0.0,11.0,2024.0,1.0,1.708,5.083,,
Q1 2024,Taraba,38,98,17,38.0,17.0,0.0,0.0,0.0,21.0,2024.0,1.0,0.447,2.579,,
Q1 2024,Yobe,39,234,13,55.0,38.0,0.0,0.0,0.0,17.0,2024.0,1.0,0.333,6.0,,
Q1 2024,Zamfara,13,61,14,16.0,14.0,0.0,0.0,0.0,2.0,2024.0,1.0,1.077,4.692,,
,Nairobi,447,0,447,,,,,,,,,,,2025.0,Jan-Oct 2025
,Kiambu,387,0,387,,,,,,,,,,,2025.0,Jan-Oct 2025
,Nakuru,318,0,318,,,,,,,,,,,2025.0,Jan-Oct 2025
,Machakos,173,0,173,,,,,,,,,,,2025.0,Jan-Oct 2025
,Murang'a,148,0,148,,,,,,,,,,,2025.0,Jan-Oct 2025
,Kisumu,137,0,137,,,,,,,,,,,2025.0,Jan-Oct 2025
,Kilifi,141,0,141,,,,,,,,,,,2021.0,full year
,Meru,158,0,158,,,,,,,,,,,2021.0,full year
,Nyeri,127,0,127,,,,,,,,,,,2021.0,full year
,Kajiado,120,0,120,,,,,,,,,,,2021.0,full year
,Uasin Gishu,110,0,110,,,,,,,,,,,2021.0,full year
,Kirinyaga,110,0,110,,,,,,,,,,,2021.0,full year
,Narok,101,0,101,,,,,,,,,,,2021.0,full year
,Embu,89,0,89,,,,,,,,,,,2021.0,full year
,Kisii,86,0,86,,,,,,,,,,,2021.0,full year
,Homa Bay,85,0,85,,,,,,,,,,,2021.0,full year
,Kericho,80,0,80,,,,,,,,,,,2021.0,full year
,Nyandarua,86,0,86,,,,,,,,,,,2021.0,full year
,Kakamega,131,0,131,,,,,,,,,,,2021.0,full year
,Makueni,155,0,155,,,,,,,,,,,2020.0,FY 2019/2020
