id,state,period,SPV,UPD,TBT,MDV,BFL,OVL,DOT,WOT,DGD,BRD,RTV,OBS,SOS,DAD,PWR,FTQ,SLV,dominant_cause,dominant_cause_name
1.0,Abia,Q4 2020,19,0,4,0,3,0,0,5,0,0,3,0,0,0,0,0,2,SPV,Speed Violation
2.0,Adamawa,Q4 2020,57,0,3,2,0,1,0,17,1,0,3,10,0,0,0,0,0,SPV,Speed Violation
3.0,Akwa Ibom,Q4 2020,15,0,0,0,2,0,0,1,4,0,1,0,0,0,0,1,0,SPV,Speed Violation
4.0,Anambra,Q4 2020,43,0,3,0,9,0,0,4,0,0,6,1,0,1,0,0,6,SPV,Speed Violation
5.0,Bauchi,Q4 2020,74,0,11,3,0,5,2,21,7,2,4,3,0,0,0,0,8,SPV,Speed Violation
6.0,Bayelsa,Q4 2020,1,0,0,0,0,0,0,0,0,0,0,0,0,0,0,0,0,SPV,Speed Violation
7.0,Benue,Q4 2020,81,0,0,0,0,0,0,0,0,0,0,0,0,0,0,0,0,SPV,Speed Violation
8.0,Borno,Q4 2020,11,0,4,2,0,0,0,0,1,0,0,0,0,0,0,0,0,SPV,Speed Violation
9.0,Cross River,Q4 2020,23,0,1,2,1,1,0,2,3,1,0,4,0,0,0,0,0,SPV,Speed Violation
10.0,Delta,Q4 2020,70,0,10,0,4,0,0,8,1,0,1,0,0,0,0,0,17,SPV,Speed Violation
11.0,Ebonyi,Q4 2020,9,0,8,0,0,0,0,6,3,0,0,0,0,0,0,0,3,SPV,Speed Violation
12.0,Edo,Q4 2020,77,0,9,2,2,2,0,4,5,0,1,0,0,0,0,0,0,SPV,Speed Violation
13.0,Ekiti,Q4 2020,23,0,1,0,4,0,0,7,2,0,1,1,0,1,0,0,4,SPV,Speed Violation
14.0,Enugu,Q4 2020,10,0,0,1,10,0,0,2,3,0,1,0,0,0,0,0,21,SLV,Other
15.0,Fct,Q4 2020,284,1,18,4,7,1,4,13,18,0,18,2,0,1,0,2,91,SPV,Speed Violation
16.0,Gombe,Q4 2020,59,1,2,1,1,0,0,7,8,0,1,0,0,0,0,0,4,SPV,Speed Violation
17.0,Imo,Q4 2020,11,0,3,0,1,0,0,1,4,1,0,1,0,0,0,0,2,SPV,Speed Violation
18.0,Jigawa,Q4 2020,118,1,11,2,0,12,0,7,1,0,8,10,0,0,0,0,6,SPV,Speed Violation
19.0,Kaduna,Q4 2020,194,1,13,0,5,3,4,15,13,8,22,2,2,0,0,0,35,SPV,Speed Violation
20.0,Kano,Q4 2020,90,0,4,0,2,0,2,7,13,0,6,0,0,0,0,2,3,SPV,Speed Violation
21.0,Katsina,Q4 2020,80,0,1,2,3,0,0,4,7,3,3,1,1,0,0,0,1,SPV,Speed Violation
22.0,Kebbi,Q4 2020,45,0,3,2,0,0,0,6,4,0,1,0,0,0,0,0,1,SPV,Speed Violation
23.0,Kogi,Q4 2020,91,0,8,4,8,1,0,16,8,2,6,6,0,1,0,1,26,SPV,Speed Violation
24.0,Kwara,Q4 2020,105,1,5,3,5,0,0,18,6,2,0,0,0,0,0,0,15,SPV,Speed Violation
25.0,Lagos,Q4 2020,46,0,3,12,23,0,0,4,6,6,3,0,0,1,0,3,0,SPV,Speed Violation
26.0,Nasarawa,Q4 2020,114,0,6,4,1,0,0,12,52,5,14,2,0,0,0,0,32,SPV,Speed Violation
27.0,Niger,Q4 2020,102,0,1,1,4,0,0,4,0,0,8,1,1,0,0,0,4,SPV,Speed Violation
28.0,Ogun,Q4 2020,254,0,22,10,28,4,1,12,20,1,13,6,0,0,0,0,2,SPV,Speed Violation
29.0,Ondo,Q4 2020,107,0,7,3,3,0,0,14,13,1,4,1,1,0,0,1,0,SPV,Speed Violation
30.0,Osun,Q4 2020,93,0,11,5,3,2,0,8,10,2,7,1,1,0,0,0,0,SPV,Speed Violation
31.0,Oyo,Q4 2020,128,1,15,5,14,1,0,14,18,1,6,0,2,0,0,4,0,SPV,Speed Violation
32.0,Plateau,Q4 2020,18,0,2,3,9,0,0,3,7,0,0,0,0,2,0,0,1,SPV,Speed Violation
33.0,Rivers,Q4 2020,19,0,2,1,3,0,0,0,0,0,2,0,0,0,0,0,2,SPV,Speed Violation
34.0,Sokoto,Q4 2020,49,0,0,0,0,2,0,2,2,0,1,4,0,0,0,0,0,SPV,Speed Violation
35.0,Taraba,Q4 2020,57,0,2,1,0,1,0,4,7,0,3,0,5,0,0,0,12,SPV,Speed Violation
36.0,Yobe,Q4 2020,28,0,9,1,0,2,0,7,5,0,1,0,0,0,0,0,0,SPV,Speed Violation
37.0,Zamfara,Q4 2020,40,0,2,1,0,5,2,6,0,1,2,0,0,0,0,0,1,SPV,Speed Violation
38.0,Abia,Q1 2021,7,0,10,1,4,0,0,3,0,0,3,0,0,0,0,0,7,TBT,Tyre Burst
39.0,Adamawa,Q1 2021,60,0,7,0,0,4,0,16,0,0,5,14,1,0,0,0,3,SPV,Speed Violation
40.0,Akwa Ibom,Q1 2021,15,0,0,0,3,0,0,2,1,0,1,0,0,0,0,0,2,SPV,Speed Violation
41.0,Anambra,Q1 2021,59,0,6,1,21,0,0,6,1,0,4,1,0,0,0,0,9,SPV,Speed Violation
42.0,Bauchi,Q1 2021,77,0,16,3,0,0,1,18,15,1,4,2,1,0,0,0,14,SPV,Speed Violation
43.0,Bayelsa,Q1 2021,7,0,0,0,0,0,0,0,1,0,0,0,0,0,1,0,0,SPV,Speed Violation
44.0,Benue,Q1 2021,46,0,1,0,1,0,0,0,2,0,0,0,0,0,0,0,1,SPV,Speed Violation
45.0,Borno,Q1 2021,31,0,3,0,0,0,0,2,5,0,2,1,0,0,0,0,2,SPV,Speed Violation
46.0,Cross River,Q1 2021,17,0,0,2,2,0,0,5,3,0,0,0,0,0,0,0,0,SPV,Speed Violation
47.0,Delta,Q1 2021,68,1,6,2,7,0,0,5,3,0,2,0,0,0,0,0,11,SPV,Speed Violation
48.0,Ebonyi,Q1 2021,13,0,6,0,0,0,0,5,0,0,2,0,0,0,0,0,6,SPV,Speed Violation
49.0,Edo,Q1 2021,68,0,2,1,2,0,0,5,4,0,6,0,0,0,0,0,0,SPV,Speed Violation
50.0,Ekiti,Q1 2021,29,0,1,1,4,0,0,1,0,0,0,0,0,1,0,0,4,SPV,Speed Violation
51.0,Enugu,Q1 2021,3,0,4,3,7,0,0,5,7,0,5,0,0,0,0,0,41,SLV,Other
52.0,Fct,Q1 2021,158,0,17,4,7,2,0,1,36,0,34,1,0,1,0,0,125,SPV,Speed Violation
53.0,Gombe,Q1 2021,33,0,9,7,2,3,0,2,11,0,4,2,0,0,0,0,9,SPV,Speed Violation
54.0,Imo,Q1 2021,5,0,3,1,2,0,0,3,0,0,0,0,0,0,0,0,2,SPV,Speed Violation
55.0,Jigawa,Q1 2021,82,1,7,1,0,12,0,6,6,0,5,7,0,0,0,1,4,SPV,Speed Violation
56.0,Kaduna,Q1 2021,211,1,22,4,5,0,0,30,12,3,16,2,3,0,0,7,48,SPV,Speed Violation
57.0,Kano,Q1 2021,110,1,8,0,1,2,4,17,6,1,12,2,0,0,0,3,17,SPV,Speed Violation
58.0,Katsina,Q1 2021,74,0,2,0,3,0,0,3,7,0,2,0,0,0,0,0,1,SPV,Speed Violation
59.0,Kebbi,Q1 2021,38,0,0,0,0,1,0,4,4,0,0,0,0,0,0,0,0,SPV,Speed Violation
60.0,Kogi,Q1 2021,105,0,8,5,10,0,0,19,6,0,11,9,4,1,0,0,35,SPV,Speed Violation
61.0,Kwara,Q1 2021,91,0,5,6,1,1,1,17,2,0,0,0,0,0,0,0,32,SPV,Speed Violation
62.0,Lagos,Q1 2021,85,0,2,16,13,0,0,12,8,3,6,0,0,0,0,2,0,SPV,Speed Violation
63.0,Nasarawa,Q1 2021,75,0,8,9,3,0,0,10,34,1,11,0,0,1,0,1,34,SPV,Speed Violation
64.0,Niger,Q1 2021,128,0,1,4,4,2,0,11,8,0,7,1,0,0,0,2,2,SPV,Speed Violation
65.0,Ogun,Q1 2021,270,0,20,25,23,6,1,18,8,10,11,4,3,0,0,0,4,SPV,Speed Violation
66.0,Ondo,Q1 2021,96,0,8,3,9,0,1,14,12,3,4,0,0,0,0,2,0,SPV,Speed Violation
67.0,Osun,Q1 2021,78,0,11,6,8,0,2,7,10,2,2,2,1,0,0,3,0,SPV,Speed Violation
68.0,Oyo,Q1 2021,129,0,14,7,19,1,2,19,17,5,4,2,0,0,2,1,0,SPV,Speed Violation
69.0,Plateau,Q1 2021,15,0,1,3,7,1,0,4,9,0,0,1,0,0,0,0,1,SPV,Speed Violation
70.0,Rivers,Q1 2021,12,0,4,0,0,0,0,2,0,0,1,0,0,0,0,0,1,SPV,Speed Violation
71.0,Sokoto,Q1 2021,46,0,1,0,1,0,1,1,5,0,1,1,0,0,0,0,0,SPV,Speed Violation
72.0,Taraba,Q1 2021,31,0,3,1,0,0,0,3,21,0,1,3,22,0,0,0,19,SPV,Speed Violation
73.0,Yobe,Q1 2021,28,0,5,1,0,1,0,6,7,1,1,1,0,0,0,0,0,SPV,Speed Violation
74.0,Zamfara,Q1 2021,29,0,2,0,0,0,1,6,2,0,5,0,1,0,0,0,1,SPV,Speed Violation
75.0,Abia,Q2 2021,20,0,1,1,1,1,0,0,3,0,4,0,0,0,0,0,0,SPV,Speed Violation
76.0,Adamawa,Q2 2021,70,0,3,3,0,0,0,11,1,0,3,14,0,0,0,0,2,SPV,Speed Violation
77.0,Akwa Ibom,Q2 2021,10,0,0,0,1,0,0,2,1,1,1,0,0,0,0,0,0,SPV,Speed Violation
78.0,Anambra,Q2 2021,37,0,2,4,38,0,0,6,1,0,6,0,1,0,0,0,5,BFL,Brake Failure
79.0,Bauchi,Q2 2021,55,0,8,5,0,2,0,17,7,0,5,5,1,0,0,0,7,SPV,Speed Violation
80.0,Bayelsa,Q2 2021,5,0,0,0,0,0,0,0,1,0,1,0,0,0,0,0,0,SPV,Speed Violation
81.0,Benue,Q2 2021,63,1,0,0,0,0,0,0,2,0,1,0,0,0,0,0,2,SPV,Speed Violation
82.0,Borno,Q2 2021,7,0,7,0,0,0,0,3,0,0,0,0,0,0,0,0,7,SPV,Speed Violation
83.0,Cross River,Q2 2021,17,1,2,1,5,0,0,4,1,0,0,1,0,0,0,0,1,SPV,Speed Violation
84.0,Delta,Q2 2021,46,0,6,1,5,0,0,3,0,0,0,0,0,0,0,0,10,SPV,Speed Violation
85.0,Ebonyi,Q2 2021,20,0,6,0,0,0,0,4,0,0,1,0,0,0,0,0,2,SPV,Speed Violation
86.0,Edo,Q2 2021,61,0,3,2,4,0,0,9,1,0,1,0,0,0,0,0,0,SPV,Speed Violation
87.0,Ekiti,Q2 2021,39,0,2,0,1,1,0,1,4,1,0,1,0,0,0,0,10,SPV,Speed Violation
88.0,Enugu,Q2 2021,8,0,9,2,4,1,0,9,4,0,2,0,0,0,0,0,39,SLV,Other
89.0,Fct,Q2 2021,135,0,10,4,6,0,0,1,22,0,15,9,0,2,0,0,144,SLV,Other
90.0,Gombe,Q2 2021,40,0,1,0,2,6,0,3,26,0,5,3,0,0,0,0,21,SPV,Speed Violation
91.0,Imo,Q2 2021,6,0,5,0,3,0,0,1,3,0,2,1,0,0,0,0,3,SPV,Speed Violation
92.0,Jigawa,Q2 2021,74,0,12,1,0,7,1,6,0,0,6,9,0,0,0,1,2,SPV,Speed Violation
93.0,Kaduna,Q2 2021,179,0,21,1,3,4,1,31,12,2,4,8,0,0,0,5,19,SPV,Speed Violation
94.0,Kano,Q2 2021,56,0,3,1,1,0,3,7,6,1,1,2,0,0,0,0,0,SPV,Speed Violation
95.0,Katsina,Q2 2021,40,0,2,0,0,0,0,2,8,3,0,0,0,0,0,0,3,SPV,Speed Violation
96.0,Kebbi,Q2 2021,41,0,0,0,0,1,0,4,1,0,4,0,0,1,0,0,2,SPV,Speed Violation
97.0,Kogi,Q2 2021,56,0,3,6,5,4,0,10,9,0,7,2,2,0,0,0,32,SPV,Speed Violation
98.0,Kwara,Q2 2021,64,0,10,6,3,0,0,16,3,0,0,0,0,2,0,0,37,SPV,Speed Violation
99.0,Lagos,Q2 2021,75,0,7,6,20,0,0,6,14,6,3,0,0,0,0,3,0,SPV,Speed Violation
100.0,Nasarawa,Q2 2021,107,1,6,2,5,3,2,43,37,1,10,4,1,2,0,0,48,SPV,Speed Violation
101.0,Niger,Q2 2021,114,0,7,1,2,2,2,16,1,2,6,4,0,0,0,18,14,SPV,Speed Violation
102.0,Ogun,Q2 2021,293,0,0,17,0,0,0,19,3,0,5,1,0,1,0,0,0,SPV,Speed Violation
103.0,Ondo,Q2 2021,90,2,9,3,5,0,0,13,13,5,3,2,0,2,0,1,0,SPV,Speed Violation
104.0,Osun,Q2 2021,61,0,15,3,7,1,1,8,4,2,4,3,0,0,0,3,0,SPV,Speed Violation
105.0,Oyo,Q2 2021,107,1,10,2,4,0,0,22,12,5,11,2,0,0,0,5,0,SPV,Speed Violation
106.0,Plateau,Q2 2021,31,0,2,3,17,0,0,10,17,1,2,4,0,0,0,0,6,SPV,Speed Violation
107.0,Rivers,Q2 2021,13,0,0,0,2,0,2,3,4,0,4,0,0,0,0,0,0,SPV,Speed Violation
108.0,Sokoto,Q2 2021,35,0,0,0,0,1,0,0,3,0,0,0,0,0,0,0,0,SPV,Speed Violation
109.0,Taraba,Q2 2021,28,0,1,0,0,3,0,2,21,0,1,0,0,0,0,0,21,SPV,Speed Violation
110.0,Yobe,Q2 2021,24,0,11,0,0,0,0,6,6,0,0,0,0,0,0,0,0,SPV,Speed Violation
111.0,Zamfara,Q2 2021,35,1,5,0,0,2,0,5,0,0,4,1,0,0,0,0,3,SPV,Speed Violation
112.0,Abia,Q3 2021,4,0,5,0,5,0,0,4,2,0,3,0,0,1,0,0,0,TBT,Tyre Burst
113.0,Adamawa,Q3 2021,66,0,2,1,0,0,0,15,1,0,4,6,0,0,0,0,0,SPV,Speed Violation
114.0,Akwa Ibom,Q3 2021,11,0,0,0,0,0,0,0,3,0,0,0,0,0,0,0,0,SPV,Speed Violation
115.0,Anambra,Q3 2021,20,0,4,1,32,0,0,5,1,0,9,56,0,3,0,0,3,OBS,Other
116.0,Bauchi,Q3 2021,69,0,7,7,0,2,1,15,6,1,8,0,4,0,1,0,5,SPV,Speed Violation
117.0,Bayelsa,Q3 2021,16,0,0,2,0,1,0,0,1,0,1,0,0,0,0,1,0,SPV,Speed Violation
118.0,Benue,Q3 2021,37,0,0,0,1,0,0,2,7,0,0,0,0,1,0,0,0,SPV,Speed Violation
119.0,Borno,Q3 2021,9,0,4,0,0,0,0,2,0,0,0,0,0,0,0,0,1,SPV,Speed Violation
120.0,Cross River,Q3 2021,24,0,5,1,1,0,0,7,0,0,0,0,0,0,0,1,0,SPV,Speed Violation
121.0,Delta,Q3 2021,30,0,2,4,2,0,2,3,0,0,6,0,2,0,0,0,15,SPV,Speed Violation
122.0,Ebonyi,Q3 2021,19,0,4,2,0,0,0,4,0,0,1,0,0,0,0,0,0,SPV,Speed Violation
123.0,Edo,Q3 2021,68,0,2,3,7,0,0,11,1,0,0,0,0,0,0,0,5,SPV,Speed Violation
124.0,Ekiti,Q3 2021,30,0,0,0,6,0,0,3,2,3,1,0,0,1,0,0,14,SPV,Speed Violation
125.0,Enugu,Q3 2021,45,0,6,1,21,0,0,7,2,0,1,0,0,0,0,0,17,SPV,Speed Violation
126.0,Fct,Q3 2021,260,0,12,0,3,2,0,5,19,1,25,4,0,0,0,2,87,SPV,Speed Violation
127.0,Gombe,Q3 2021,38,3,5,1,1,0,0,7,8,0,3,5,0,1,0,0,11,SPV,Speed Violation
128.0,Imo,Q3 2021,10,0,2,1,4,0,0,3,3,0,2,0,0,1,0,0,1,SPV,Speed Violation
129.0,Jigawa,Q3 2021,89,0,8,1,0,7,1,3,2,0,8,5,0,0,2,0,6,SPV,Speed Violation
130.0,Kaduna,Q3 2021,118,0,7,3,2,3,0,29,2,2,11,0,0,0,0,1,16,SPV,Speed Violation
131.0,Kano,Q3 2021,16,0,4,0,1,0,0,3,8,0,0,0,0,0,0,0,1,SPV,Speed Violation
132.0,Katsina,Q3 2021,21,0,2,0,0,0,0,1,2,0,1,0,0,0,0,0,0,SPV,Speed Violation
133.0,Kebbi,Q3 2021,41,0,0,1,0,1,0,4,8,0,2,0,0,0,0,1,0,SPV,Speed Violation
134.0,Kogi,Q3 2021,72,0,5,4,7,0,0,9,6,0,8,1,1,0,0,1,21,SPV,Speed Violation
135.0,Kwara,Q3 2021,65,0,5,5,3,0,0,7,4,0,1,1,1,0,0,0,14,SPV,Speed Violation
136.0,Lagos,Q3 2021,71,1,2,13,15,0,0,9,10,2,8,0,1,0,1,2,0,SPV,Speed Violation
137.0,Nasarawa,Q3 2021,126,0,9,1,4,1,0,32,34,0,9,1,0,0,0,0,37,SPV,Speed Violation
138.0,Niger,Q3 2021,162,2,5,0,2,0,0,27,6,0,11,3,0,0,0,25,26,SPV,Speed Violation
139.0,Ogun,Q3 2021,253,0,6,19,2,1,1,10,5,0,12,0,0,2,0,0,0,SPV,Speed Violation
140.0,Ondo,Q3 2021,72,0,2,1,4,0,1,11,12,5,4,1,0,0,0,0,0,SPV,Speed Violation
141.0,Osun,Q3 2021,78,0,8,4,6,1,0,17,9,2,9,0,0,0,0,0,0,SPV,Speed Violation
142.0,Oyo,Q3 2021,88,1,14,4,11,0,0,18,6,2,7,1,0,0,0,4,3,SPV,Speed Violation
143.0,Plateau,Q3 2021,23,0,4,5,15,0,0,9,10,0,0,2,0,0,0,0,2,SPV,Speed Violation
144.0,Rivers,Q3 2021,16,0,2,0,2,0,0,6,4,0,5,0,0,0,0,0,0,SPV,Speed Violation
145.0,Sokoto,Q3 2021,26,0,2,0,0,0,0,0,3,0,1,1,0,0,0,0,0,SPV,Speed Violation
146.0,Taraba,Q3 2021,18,0,0,0,0,1,0,6,15,0,2,0,4,0,0,0,20,SLV,Other
147.0,Yobe,Q3 2021,33,0,14,0,0,2,0,8,7,0,1,0,0,0,0,0,1,SPV,Speed Violation
148.0,Zamfara,Q3 2021,9,0,2,0,0,0,0,4,0,0,4,0,0,0,0,0,2,SPV,Speed Violation
149.0,Abia,Q4 2021,8,0,2,0,7,0,0,2,1,0,2,0,0,0,0,2,0,SPV,Speed Violation
150.0,Adamawa,Q4 2021,62,0,4,0,0,0,0,10,0,0,3,13,0,0,0,0,0,SPV,Speed Violation
151.0,Akwa Ibom,Q4 2021,12,0,1,3,4,0,1,0,0,0,0,0,0,0,0,0,0,SPV,Speed Violation
152.0,Anambra,Q4 2021,24,0,1,3,12,0,0,8,0,3,6,2,0,1,0,1,0,SPV,Speed Violation
153.0,Bauchi,Q4 2021,124,2,18,2,0,9,1,29,21,5,9,9,2,0,0,1,8,SPV,Speed Violation
154.0,Bayelsa,Q4 2021,16,0,1,1,0,0,0,1,0,0,0,0,0,0,0,0,0,SPV,Speed Violation
155.0,Benue,Q4 2021,34,1,2,0,0,0,0,3,4,1,1,0,0,1,0,0,0,SPV,Speed Violation
156.0,Borno,Q4 2021,13,0,1,1,0,1,0,2,1,0,1,0,0,0,0,0,1,SPV,Speed Violation
157.0,Cross River,Q4 2021,48,0,2,1,3,2,0,6,3,0,2,2,0,0,0,0,0,SPV,Speed Violation
158.0,Delta,Q4 2021,29,0,7,4,1,1,0,1,3,0,6,0,2,0,0,0,17,SPV,Speed Violation
159.0,Ebonyi,Q4 2021,16,0,2,0,1,0,0,4,4,0,2,0,0,0,0,0,1,SPV,Speed Violation
160.0,Edo,Q4 2021,61,0,1,0,6,0,0,3,2,0,0,0,0,0,0,0,14,SPV,Speed Violation
161.0,Ekiti,Q4 2021,18,0,0,0,5,0,0,1,0,0,5,0,0,0,0,0,9,SPV,Speed Violation
162.0,Enugu,Q4 2021,24,0,8,0,14,0,0,2,1,0,0,0,0,0,0,0,13,SPV,Speed Violation
163.0,Fct,Q4 2021,172,0,8,3,4,0,3,6,31,0,15,5,2,0,0,0,74,SPV,Speed Violation
164.0,Gombe,Q4 2021,44,5,7,0,0,5,0,5,27,1,2,4,0,0,0,0,12,SPV,Speed Violation
165.0,Imo,Q4 2021,20,0,2,0,5,0,0,3,5,1,2,0,0,0,0,0,0,SPV,Speed Violation
166.0,Jigawa,Q4 2021,142,2,14,0,0,9,2,7,4,1,10,9,0,0,0,0,12,SPV,Speed Violation
167.0,Kaduna,Q4 2021,121,0,8,2,2,1,3,16,9,4,10,1,0,0,0,5,0,SPV,Speed Violation
168.0,Kano,Q4 2021,30,0,1,1,0,1,1,3,3,0,6,0,0,0,0,0,5,SPV,Speed Violation
169.0,Katsina,Q4 2021,11,0,0,0,0,0,0,1,3,0,0,0,0,0,0,0,0,SPV,Speed Violation
170.0,Kebbi,Q4 2021,47,1,0,0,0,0,0,8,5,0,0,0,0,0,0,0,1,SPV,Speed Violation
171.0,Kogi,Q4 2021,105,0,5,7,15,1,0,20,7,0,16,3,5,1,0,0,39,SPV,Speed Violation
172.0,Kwara,Q4 2021,64,0,4,6,2,0,0,18,9,0,3,0,0,0,0,0,26,SPV,Speed Violation
173.0,Lagos,Q4 2021,84,0,4,17,6,0,0,12,13,1,5,1,0,2,0,3,1,SPV,Speed Violation
174.0,Nasarawa,Q4 2021,92,1,4,25,9,4,8,22,20,22,4,6,0,3,0,0,33,SPV,Speed Violation
175.0,Niger,Q4 2021,154,0,7,2,7,2,0,21,6,1,6,3,0,0,0,3,9,SPV,Speed Violation
176.0,Ogun,Q4 2021,239,1,0,17,0,0,0,18,9,0,11,0,0,0,0,0,0,SPV,Speed Violation
177.0,Ondo,Q4 2021,95,1,6,1,9,1,0,10,29,5,2,0,0,0,0,2,1,SPV,Speed Violation
178.0,Osun,Q4 2021,73,0,9,5,6,0,2,11,6,1,19,0,0,0,0,0,0,SPV,Speed Violation
179.0,Oyo,Q4 2021,101,1,12,7,8,2,2,15,17,2,10,0,1,1,0,5,1,SPV,Speed Violation
180.0,Plateau,Q4 2021,31,0,2,5,21,0,0,5,6,0,0,0,0,2,0,0,2,SPV,Speed Violation
181.0,Rivers,Q4 2021,14,0,5,0,6,0,2,4,3,0,2,1,0,0,0,0,0,SPV,Speed Violation
182.0,Sokoto,Q4 2021,61,0,2,0,0,0,0,0,1,0,1,0,0,0,0,0,0,SPV,Speed Violation
183.0,Taraba,Q4 2021,25,0,2,0,0,6,0,3,11,0,0,0,0,0,0,0,31,SLV,Other
184.0,Yobe,Q4 2021,29,0,10,2,0,1,1,2,10,1,0,2,0,0,0,0,1,SPV,Speed Violation
185.0,Zamfara,Q4 2021,22,0,2,0,0,0,0,5,1,1,0,0,0,0,0,0,1,SPV,Speed Violation
186.0,Abia,Q1 2022,20,0,5,1,8,0,0,3,0,0,2,1,0,1,0,0,0,SPV,Speed Violation
187.0,Adamawa,Q1 2022,75,0,2,2,0,0,0,15,1,1,2,3,0,0,0,0,0,SPV,Speed Violation
188.0,Akwa Ibom,Q1 2022,12,1,0,1,0,0,0,1,0,0,1,0,0,0,0,0,0,SPV,Speed Violation
189.0,Anambra,Q1 2022,24,0,1,0,7,0,0,8,0,0,2,3,0,0,0,1,0,SPV,Speed Violation
190.0,Bauchi,Q1 2022,90,0,8,2,0,2,0,19,17,5,11,3,0,0,0,0,7,SPV,Speed Violation
191.0,Bayelsa,Q1 2022,29,0,0,0,0,1,0,5,0,0,0,0,0,0,0,0,0,SPV,Speed Violation
192.0,Benue,Q1 2022,55,2,2,3,3,0,0,4,4,1,2,2,1,0,0,0,0,SPV,Speed Violation
193.0,Borno,Q1 2022,15,0,4,1,0,0,0,0,0,0,0,0,0,0,0,0,6,SPV,Speed Violation
194.0,Cross River,Q1 2022,13,0,1,0,2,0,0,1,1,0,1,2,0,0,0,0,0,SPV,Speed Violation
195.0,Delta,Q1 2022,51,0,13,4,6,1,0,6,2,0,2,0,0,0,0,0,21,SPV,Speed Violation
196.0,Ebonyi,Q1 2022,20,0,2,0,0,0,0,12,2,0,1,0,0,0,0,0,3,SPV,Speed Violation
197.0,Edo,Q1 2022,80,0,4,2,16,0,0,9,0,0,2,1,0,0,0,0,7,SPV,Speed Violation
198.0,Ekiti,Q1 2022,19,0,0,1,2,1,0,0,0,0,0,0,0,0,0,0,3,SPV,Speed Violation
199.0,Enugu,Q1 2022,18,0,1,0,17,1,0,4,0,0,0,1,0,0,0,0,20,SLV,Other
200.0,Fct,Q1 2022,240,0,27,3,4,0,0,4,33,0,24,3,2,2,0,1,65,SPV,Speed Violation
201.0,Gombe,Q1 2022,53,0,4,3,0,0,2,9,7,2,3,0,0,0,0,0,14,SPV,Speed Violation
202.0,Imo,Q1 2022,5,0,3,0,7,0,0,1,1,0,0,0,0,0,0,0,10,SLV,Other
203.0,Jigawa,Q1 2022,168,1,13,0,0,11,0,6,2,0,3,0,0,0,0,0,0,SPV,Speed Violation
204.0,Kaduna,Q1 2022,110,0,13,2,1,1,1,15,19,2,13,1,0,0,0,4,0,SPV,Speed Violation
205.0,Kano,Q1 2022,80,0,5,1,2,2,0,6,7,0,5,3,0,0,0,1,11,SPV,Speed Violation
206.0,Katsina,Q1 2022,10,0,2,0,0,2,0,0,2,0,0,0,0,0,0,0,2,SPV,Speed Violation
207.0,Kebbi,Q1 2022,57,0,0,0,0,0,0,2,0,0,0,0,0,0,0,0,0,SPV,Speed Violation
208.0,Kogi,Q1 2022,132,1,9,5,13,2,0,20,11,0,6,2,10,0,0,1,2,SPV,Speed Violation
209.0,Kwara,Q1 2022,109,1,10,4,5,0,0,7,4,0,2,0,0,0,0,0,3,SPV,Speed Violation
210.0,Lagos,Q1 2022,88,0,9,9,34,0,0,6,13,0,14,0,0,3,0,6,0,SPV,Speed Violation
211.0,Nasarawa,Q1 2022,183,0,10,6,6,3,0,18,27,0,17,5,0,0,0,0,44,SPV,Speed Violation
212.0,Niger,Q1 2022,124,0,8,0,2,2,0,22,1,2,3,1,0,0,0,21,4,SPV,Speed Violation
213.0,Ogun,Q1 2022,260,0,7,5,7,2,0,16,7,0,18,0,1,2,0,0,4,SPV,Speed Violation
214.0,Ondo,Q1 2022,95,0,11,3,8,2,0,9,22,0,7,0,0,0,0,0,0,SPV,Speed Violation
215.0,Osun,Q1 2022,75,0,18,6,4,1,1,13,2,1,15,0,0,0,0,0,1,SPV,Speed Violation
216.0,Oyo,Q1 2022,124,0,14,5,12,2,0,14,15,0,10,1,0,0,0,4,0,SPV,Speed Violation
217.0,Plateau,Q1 2022,26,0,0,2,18,1,0,8,6,0,7,1,0,1,0,0,1,SPV,Speed Violation
218.0,Rivers,Q1 2022,20,0,4,1,3,0,0,2,3,0,4,0,0,0,0,0,0,SPV,Speed Violation
219.0,Sokoto,Q1 2022,19,0,3,0,1,0,1,2,1,0,1,0,0,0,0,0,0,SPV,Speed Violation
220.0,Taraba,Q1 2022,21,0,5,0,0,3,0,12,16,0,1,0,0,0,0,3,13,SPV,Speed Violation
221.0,Yobe,Q1 2022,21,0,5,0,0,1,0,3,3,0,4,0,0,0,0,0,0,SPV,Speed Violation
222.0,Zamfara,Q1 2022,20,0,0,0,0,1,0,8,0,0,0,0,0,0,0,0,2,SPV,Speed Violation
